observations,WM-hypointensities,Right-Lateral-Ventricle,Right-Amygdala,CortexVol
229,-0.6914252857556107,-0.799224718000311,-0.7011847355751566,-0.5717259689371271
143,-0.21204628212070278,-0.6810286295806514,-3.072623502104813,-1.2357140868993166
872,-0.27569159850809094,-0.9128231830227145,-1.649762498336778,-0.858431378433856
176,-0.32738194057798475,-1.414245483838589,-3.572011363752759,-0.5894197099869724
983,-0.3798007768159379,-0.9352382953606804,-1.7954298561313153,-0.8462829973506493
912,-0.41245472943268674,-0.7939612010551421,-1.2179235593422173,-0.6800728820429377
177,-0.3065206658866937,-1.168574296061626,-1.0827248539053764,-0.7942678422227175
573,-1.441892813458397,-1.0042965823224017,-1.1585336863332614,-0.6973147820292325
743,-1.6138699667495011,-1.3638840102238077,-0.8828869430978543,-1.089756766662926
266,-0.32436912806497176,-1.688376243201219,-0.6938516627421157,-1.0243453353290284
40,-2.414871572347801,-1.6286124114203528,-1.1180384353763781,-0.7892891338438084
76,-1.6506330781701928,-0.9893794709007874,-1.5909322264245074,-0.6619658849004625
696,-1.3351153018190893,-1.5375985080830694,-0.7042482791031444,-1.0790473814378896
303,-1.3360511935684027,-1.202319392006694,-0.692591668073317,-0.6697099280377428
498,-0.1638390171034239,-0.8752670996663992,-0.9818658262861317,-0.8912681977731621
415,-0.23288253081541008,-1.2285301228181962,-0.7093763733818491,-0.557156234116843
802,-1.2563978311376847,-0.6978111718178881,-1.9221869991145384,-1.1743793201723696
728,-1.4780035297058893,-1.3696895303241499,-1.4772280563586249,-1.7188347359619287
1015,-0.8901393321012518,-0.8230570939838023,-1.1163607208351811,-0.594105565428097
92,-0.6179165340076349,-0.9898915358670917,-0.881612304841236,-0.6719630195026894
114,-0.5088502427857181,-0.8320540545164099,-1.0254338037671566,-0.6119401319832489
750,-1.8651791334381491,-2.2571271499720993,-0.6233357510409457,-1.004072640640866
929,-0.18146093389166112,-0.6713606824561481,-0.693839538073276,-0.6516702351917824
203,-0.16689166141287945,-1.2152957300960257,-2.1670101177522563,-0.6487687504437519
381,-0.2723772703078236,-0.8736993648460849,-1.5812132860185226,-1.5728773145947474
22,-4.286355333778477,-1.0174187429254096,-0.7874958817351743,-0.7495911213085389
184,-0.22604463197921973,-0.7774000496751602,-0.7067299662000461,-0.5742638079269994
97,-0.20629708042257713,-2.6101497091409653,-0.8408114411909285,-1.1304852315870488
817,-0.3790386638234635,-0.7971115418955272,-0.9588954918455856,-0.6473323593780591
262,-0.497909497183312,-2.415962943061247,-1.5593665211011065,-0.5677215211969405
529,-0.31306343890543126,-0.6167129112737576,-0.7569951832229223,-1.4430111030167478
126,-0.35142675731105616,-0.6913924210650451,-4.776997298029602,-0.5848989937751221
758,-1.2329572720034447,-1.2613676370832423,-1.128375231160293,-1.0974967555933544
1029,-0.36951806726075337,-0.8957301464195947,-0.9387150528251962,-2.8372841184782436
863,-0.39341923410828583,-1.1785988890722423,-0.7412729998257541,-0.5863045992065025
788,-0.37148689873051,-1.2673534299901428,-3.7923047138997643,-3.5363777214817294
3,-0.3063445304253434,-0.983319939262348,-1.2351937728726976,-0.8306345043435424
125,-1.4856541113515886,-0.605789521803978,-2.434773499053045,-0.8392064495877838
119,-2.461214014750591,-5.510570219980688,-0.7690910254082853,-2.3417813016784477
579,-1.4041564350308124,-1.3896253217323835,-1.5784513777076532,-0.5957274018542534
657,-1.5549855072128147,-1.3137866157413365,-0.5525354745807411,-0.8417170193588345
718,-1.5449189099814706,-1.3482871984964095,-0.9600398760531,-0.6068794262540294
267,-0.2863474331406646,-0.8241701260807288,-0.7187732201904484,-0.8575914491806114
706,-1.5789425579570935,-1.5578562561925342,-1.4669958179187992,-2.7188897011603057
898,-0.1667427335508374,-1.3333137044613856,-0.9587926900416743,-0.6187283165168581
1076,-0.5468692802176087,-0.9673022235183935,-0.9549719195936197,-0.8658913388669642
941,-0.6976490385279223,-0.8527245293095186,-0.9092946310026128,-0.6496266345790201
32,-1.9462672142071011,-3.009967945992018,-1.0227686720668139,-1.084187999000451
191,-0.6271412273332321,-0.9729608121080452,-0.7234651078858085,-0.5650310423807329
558,-0.23437907279924983,-0.9975829300219425,-0.9727662944071926,-1.0322212808836513
385,-0.17592144678955773,-0.9395115457587405,-0.6912465564464669,-0.9372945356017878
963,-3.085835696012122,-2.4789141948577673,-1.069368801870199,-0.990055037843348
56,-0.2451478975453946,-0.823550276961018,-1.0187501049723222,-0.5947367778922017
448,-0.1596055668054233,-0.8135980833211041,-1.6704635497090876,-0.694861839955997
307,-1.0962114933853477,-0.6455487541811868,-0.6908382229747437,-0.758712355634562
429,-0.2324711793731763,-0.5857726577724036,-3.826786552348785,-0.9168595418108739
110,-0.47593415762974123,-1.013851822163872,-1.1051682192838048,-1.4231615643390858
530,-0.41314719092768104,-1.0629055433977799,-1.345550088946786,-0.5826076769205358
523,-0.3530732240265454,-0.6126954936576137,-0.7360256869814256,-1.34707071112361
165,-0.1752681435694291,-0.6502339790076983,-1.0669053110248048,-0.5572524632277207
625,-1.3853375854602372,-1.6584962970915729,-0.5597297752738596,-0.5932462424306829
991,-0.5372353939028424,-0.8802377279017831,-0.7931707513583901,-0.6676576669401101
896,-0.3766265296234842,-1.0083023456726332,-0.8815476667412102,-1.0769832404802075
387,-0.15580484371804396,-0.6830429402913388,-2.181182168485896,-0.5939836875111664
453,-0.4854765448982094,-0.9250731890978956,-0.8061808029815011,-0.6578178852764208
672,-0.23204222523150064,-1.1476700788168253,-2.427069414818773,-1.4317189066828686
215,-0.21785473950046605,-0.7595821526837658,-0.6961976145073038,-0.5635067915364022
919,-0.2590905859789782,-1.3397627237966485,-1.8927521480415013,-1.2368639008212838
598,-13.764194856742415,-1.364172469770707,-1.1595676597132887,-0.6121004116724471
37,-0.28631365467487796,-1.031522174878967,-1.4296964960111338,-5.950892104419679
668,-0.8767200275657138,-1.251166732763406,-0.8617727848089424,-1.0647568413332842
851,-0.2782266201571175,-0.6628033424754707,-0.7373042201701335,-1.2458029566373603
478,-0.19775551295672286,-1.0404199214244962,-0.699216756169167,-0.5808008698081341
255,-0.33355045547081663,-4.643272718589765,-0.8894250474551917,-0.6299367265849195
505,-0.2915148922631149,-0.6619220518026016,-1.2298031884146854,-0.6244336723900417
404,-0.16155944042882606,-0.7217717559669045,-0.7138259106510504,-0.7637609535659502
691,-0.7573076256302019,-0.6408477370830831,-2.1950007346679663,-1.4530750016085046
736,-1.4334673957370172,-1.3989572449005525,-2.565468300771604,-2.079782062737845
94,-0.2635299614944507,-0.8398255743991649,-0.8162417026816466,-0.7924772473055434
321,-0.16425968418897285,-0.6550358561329477,-1.1662842727949363,-0.9469786865073199
854,-0.6523889895158,-0.9655775277793291,-3.4476310891359323,-2.611128594607726
988,-0.4417455868784819,-1.08137631259239,-0.7652400192376219,-1.2175840787626704
609,-1.552571990232552,-1.2326171055986914,-0.6483085009743818,-0.7157503828120748
350,-1.0492605231654484,-1.227888198941091,-3.1844510160275554,-2.611823228690132
379,-0.2505808598701245,-1.6260822755253697,-1.6230310885785668,-2.5491830422295068
116,-0.2296654815360512,-0.6177938013561619,-0.8524343351809212,-2.4376539760755542
1074,-0.19439331193251044,-1.2821831503552714,-0.9474367588726159,-0.7792852865441235
484,-0.549075609483575,-0.5956755913014954,-0.8373044300513072,-1.3644966958003744
118,-0.8525264146242428,-10.436344092553155,-0.7657054418732119,-1.0010976279912183
246,-0.6307243983266586,-0.8683690412435846,-0.6946324635312627,-0.6441930657348067
395,-0.3087934465277028,-0.6871923277910034,-1.201008890305158,-2.234662438077715
819,-0.7691211508566744,-0.8010522582515931,-0.9094163506063103,-1.0211671656939334
251,-0.19341748700736294,-0.8328029006635408,-0.7041731363053232,-0.8822067557568557
131,-0.7957796273638673,-1.1141252484123259,-0.9287363120221424,-1.6868968933394117
734,-1.3072761090617302,-1.5545982220708283,-0.6403330079156871,-0.8009410375035794
676,-0.3115586102621535,-9.055071461959336,-0.9764753914503094,-0.8886772073425249
957,-1.9910993618629187,-1.1596067415768905,-0.9793928678014151,-0.6013035547261357
746,-1.6160262836134098,-1.3279215488178115,-2.9057442206743316,-2.3253306616157
213,-0.7866114717506288,-0.6939571502652641,-0.7560544061214487,-0.6026113610497144
617,-0.4737843083513983,-1.3870117287755783,-0.7855673226489688,-1.1597393465235761
414,-0.23466763911587873,-1.1904004024644983,-0.8212172028619821,-1.3241275047735839
312,-0.16300950957427385,-0.9606685482063201,-0.8354253014568105,-0.5832475696916144
58,-1.310452586960228,-1.2093270551057609,-0.5992716092759562,-0.6578200252314224
682,-0.8407633728321973,-0.8381808833441617,-0.8125908465082123,-0.975313395837244
699,-1.3080410418660195,-1.0724896341294354,-0.6978236080575744,-2.477550433977611
597,-0.7970639309751086,-0.770186623003742,-0.8032754036934346,-0.6754212918855399
167,-1.583547746131156,-0.7298550829451497,-1.6776589051910633,-0.6260443370513641
926,-0.3324897404685379,-0.8366675730477644,-0.7977785329433715,-3.2089551892622112
686,-0.3540771427414954,-0.873671574767904,-1.021277654694738,-0.5982777189231187
811,-0.3951966127479579,-0.7398907473542502,-0.7360436191317452,-0.9801449469480171
315,-1.028605676055405,-0.6047126116155085,-1.3053472161794233,-1.5945308066703643
555,-0.5877238388892819,-0.9275069171314326,-1.1744033581105695,-0.9682126880862176
482,-0.29117812331565346,-0.7822212183063562,-1.1754439616064027,-0.586198541737978
235,-0.2378216574681802,-0.5821212309064655,-1.0897912058773342,-0.5872407343532845
238,-0.18345157586774152,-2.9077671120583757,-0.9950735467797217,-0.6296587157922099
282,-0.9198894076399897,-0.6371986359804731,-1.0449329541653902,-0.660596213594857
621,-1.5428097122205633,-1.4877548530842966,-0.9790364738936292,-1.1672005193373456
928,-0.17982859870683907,-0.8194854403129224,-1.5323369435294085,-0.896019054903863
380,-0.7413011545599563,-2.128119027574422,-1.8779252422180115,-1.0217868629009335
655,-2.834623062319123,-1.891864663859537,-1.5734738268932664,-1.4380901417418523
566,-1.312413648872797,-1.5456031671297275,-0.8245369179169691,-1.6670911596560887
489,-0.34999808840967445,-1.0677711472408136,-0.7507305817394514,-0.5698195453868143
906,-0.3949072952230706,-0.6319157051454803,-0.6940362398581101,-0.6041956868015772
12,-1.6870837524848024,-0.6563943179936234,-2.0193466708043353,-0.7764161872050436
908,-0.19226177517255427,-0.7659242785750733,-1.3647643366770215,-0.9679223714869023
1009,-0.33041534842929265,-1.2964279350802566,-0.7649492231693066,-1.3499457715230827
338,-0.4362567847680502,-0.9532711907696498,-1.0046031261105177,-4.130042022723979
1034,-0.18967668075807134,-0.9801645095585776,-0.8476573459489759,-1.3301834147446954
910,-2.515824241295949,-1.036223681896846,-0.8380628916562286,-1.2023245043651742
713,-1.1838090982586202,-1.1054143940345222,-0.6547855274705784,-0.9597276891065519
494,-0.19499136255206906,-0.9305740054951976,-0.8566461347462941,-1.0646019201663504
975,-0.31883225886203054,-0.7483747805817174,-0.6953864840413856,-0.5817225104815628
216,-2.045257466751007,-0.8299447753368565,-0.7553213445089675,-0.6788248718587067
1005,-0.40082840448034224,-0.8894465786813354,-0.7550318318045738,-0.6169492133276174
11,-0.3360331533225217,-0.5924281748769886,-1.0521468210411582,-0.6301618312328049
452,-0.22077340685344796,-0.7820103695269826,-0.8267695665596567,-0.5622553245381174
212,-0.7782932456897143,-0.5490349531159585,-1.8391200999784605,-1.7426134680551493
46,-2.4628464407813424,-0.627843507333149,-1.1053699063460867,-0.5834861563558418
571,-1.2983981567827343,-1.350109482645254,-1.8959417912161127,-0.5975831368881398
649,-2.5117885064009653,-1.7769080204713505,-1.0895092577023655,-0.924099257328164
512,-0.6052648924037624,-0.7962132911475029,-0.7527952298219338,-0.6709988195654016
393,-0.4890553009807375,-0.7485198751451743,-1.174965916391735,-1.1309606394987464
513,-0.30486160423834596,-0.8248471112572917,-1.341163670193605,-1.3523538997926519
956,-0.24260279134362184,-0.81532250882299,-1.0186313812591727,-0.5608991272159624
363,-0.2884939865649959,-1.0258898160511574,-1.1105164664508134,-0.5879765098474325
1028,-0.5401799067863075,-0.9469704155508785,-0.7807741543680597,-0.7034447412817011
148,-0.16787882845390356,-0.7294066948215197,-1.357002265490695,-1.5504323091091126
495,-0.2997133492464372,-3.0292430984539123,-1.246139277628418,-1.5027640996846554
1019,-1.0042028065613933,-1.1879955614237157,-0.7784429950894396,-1.0196500319344346
776,-0.3782743053003135,-0.687015130148075,-0.7151596170060479,-0.5967132895586836
809,-0.5628069396947003,-0.5052201023657189,-0.8808306931368163,-5.173417922930867
439,-0.29112628688886,-0.9132024773986627,-1.0955655864558471,-0.583296143917048
486,-0.17467099707972789,-0.6865932169864548,-0.7034827462228823,-0.6941911568884523
765,-0.2098125987565733,-0.8092398647881056,-2.287552306399836,-1.5532438175813241
62,-0.9646567127027788,-1.3888092689061318,-0.8299145291271441,-1.3176418094662234
704,-1.2061449483983486,-1.1253166221229378,-0.7893149990765349,-1.8863603739995993
145,-0.3742427710512888,-0.6576779109561813,-0.8189266688637604,-0.8962188402525626
688,-0.43191776031374535,-0.6458477984532875,-0.9077055668638864,-0.6714224223896468
537,-0.1978847481264285,-0.6317135767338569,-0.9116995079105632,-0.5626502133951117
386,-0.3104636908375573,-0.8188011471579018,-1.0683741199742045,-0.841459225650717
666,-0.21494561637514414,-0.701227133809954,-1.5062288964002122,-0.9053144706071832
91,-0.3558538807647986,-5.5963382610955525,-0.9832545657391725,-1.9951112323610207
966,-2.8062941470374967,-1.5110997364023797,-0.7297859389965313,-0.7509851854901725
33,-0.4177438628755988,-1.0403768671255873,-1.6780993087097873,-2.0598120788715644
1008,-1.2138532645318547,-1.235345119614475,-0.8015423607299825,-0.7923800834966362
189,-0.17553360550651068,-0.9003464998820481,-0.6960711976578324,-0.7024163021528068
1032,-0.38718701459354593,-1.2589970246385238,-0.7870276985984846,-0.6928596539015776
82,-0.2897045679763437,-0.8569482607992556,-1.3485589171720525,-1.2072020159884527
594,-1.4767630497684932,-1.3687717079595147,-0.571570195429305,-0.5846212076614498
193,-0.16568429841342214,-2.1454385134423424,-0.7167317020316859,-0.5555939984648985
843,-0.19140900227933813,-1.4089570127229194,-0.7769582070392697,-1.0600202284896239
160,-0.2078476520671087,-0.6926379889932968,-0.8100086594324865,-0.5608876807204841
464,-0.33758118597525466,-0.601199487437834,-0.7848280099885949,-3.212885047191882
602,-1.7760678207982483,-2.135546709540506,-2.2508457585010997,-0.6013300651819474
293,-0.659382680903768,-0.9504963329368643,-0.6940507353685224,-0.5635876037819543
818,-0.8634981830490929,-0.6824866525009906,-1.103885785709056,-1.138894083218339
276,-0.5634140818713628,-0.7743968630127427,-0.737695329244828,-1.3137978348931734
163,-0.28402368222771435,-0.5738153056468213,-1.0010836999347619,-0.5691154410190468
759,-1.0129303830772747,-1.074206481468259,-1.410926591383924,-1.1544602160235276
857,-1.0686426932785889,-1.2767019223489156,-1.1475962593596356,-1.345025611598475
340,-0.6162972083905451,-0.9786986732672375,-0.7633370518999584,-0.7581762739937026
679,-0.6683146162135202,-2.2284755917672063,-0.7168471202837692,-0.6114847764807567
552,-0.9639417114225342,-1.1710822576775,-0.7412972017390389,-0.7763487037769569
1007,-0.48290102069699736,-1.194052183676343,-1.1252882666251718,-1.782256954977068
794,-1.0326483068637071,-0.6732338107168809,-1.808616272043077,-2.4929244629786846
508,-0.5552770252725222,-0.7611836278112113,-3.0577993982167953,-0.687352522371953
5,-0.5199461832427534,-0.9671576707069826,-0.7638767866978037,-0.6158678007976047
451,-1.1038705622855447,-0.7100876953865142,-2.9748957437048174,-1.080251398296595
1068,-0.21540802179217425,-1.0733749810809303,-0.7251760318533627,-0.5834715729382609
211,-0.3866466683984537,-0.7376340424182176,-0.7958103262751389,-0.9766441945899539
580,-1.1330554952880856,-0.7205787178038218,-0.7353842271057613,-1.8064490062263707
0,-0.22911738095216025,-1.377439968916809,-3.2714915978438213,-1.855228201158173
438,-0.15641304692596478,-1.0889018853029002,-1.5010077922215541,-0.6332592534067706
127,-0.4161654646821137,-0.742749020740998,-1.1498723915266413,-0.6326024009439204
837,-0.9449072445243727,-0.5973922797368986,-3.8104637266942123,-1.0528391443339433
102,-0.34070231210949875,-1.1359223962517977,-0.777404405255681,-1.1809664441262449
329,-0.23899950810272044,-0.7752581852583533,-1.4919225089169197,-0.5975899655165481
543,-0.35386599651226885,-0.6034879573426815,-0.8966564540529145,-0.5607873092233464
1067,-0.2690209871846445,-0.7648775868155814,-1.1042999781824279,-0.6152848612771409
270,-1.0643098928174741,-0.633205083432494,-4.310468091721164,-0.6076716260292773
772,-0.27503464417338536,-0.924919214197739,-1.0489106044158867,-0.6635128894848422
360,-0.23853381048715389,-0.6288506511897406,-1.1497413113708697,-1.4162554442603847
974,-0.26343829411647063,-0.6675650751129082,-0.752618153135145,-0.8464294794074373
791,-9.615649097015135,-1.0976313389484138,-1.236916019637835,-4.211581481130854
1025,-0.31401375344320115,-1.566044899916448,-1.1152318743503156,-0.8571476481904874
1001,-0.38465800251674664,-0.829410376484809,-0.7510325903874576,-1.1449963264641843
301,-1.3332989574934133,-1.1598159473992504,-0.8603191647976866,-1.2011951268492578
902,-1.7282383783740685,-0.7022898640976724,-2.9082933908665747,-0.6122938929659707
945,-0.9121424090722187,-0.6255296685982389,-1.0477317509859383,-0.6129587120516274
879,-0.42708270413132987,-0.6741414253486963,-2.074572644072461,-2.1204512647703626
835,-1.3962498765431925,-0.9682102753356004,-1.2600940412509953,-0.6165426969658598
328,-0.3440024253507302,-0.8404356742277138,-1.02636982645623,-0.6021447071927551
951,-0.17644942084562945,-0.6144123011564339,-0.9345948951922599,-0.6132996967431401
369,-0.30833383873303544,-0.7409315863109243,-0.7890325894292671,-0.577483176005103
889,-0.41095870810184565,-1.643501538674359,-1.0331386041275572,-2.820521125167477
949,-0.3850179315405656,-1.1813319792322394,-0.713980946725741,-0.7378644315009067
542,-0.367110949448754,-1.05468559071746,-2.4359122894170326,-2.6116933762358814
731,-1.150399478788856,-1.5729420807275367,-2.0229687437320565,-0.6427150775095507
885,-0.601577706339495,-0.6024884813891105,-0.8340237232444822,-1.0952089036685781
763,-0.6506486760265296,-1.230368181873235,-2.147646311119139,-0.6439351377521645
1072,-0.26765524048922795,-3.748626782076252,-0.7375586644034764,-1.1209224704704335
70,-0.17803482698173898,-0.7245546919972798,-0.7234264010469621,-1.345979289303659
569,-1.3286278165464729,-1.4871946218069094,-1.2234619001624694,-0.7697090301940298
86,-0.5085702649995796,-1.2789369790140759,-2.1454050324945864,-2.6832900573229277
514,-0.7139384487188128,-0.7711875746012251,-0.9633376953720298,-0.5790925072289529
237,-0.8780267714441942,-0.7895124999268018,-0.8081349930465508,-0.565615947648663
154,-0.1920645492772552,-1.0391871843169063,-0.7310273921812739,-0.6076644138377728
596,-2.143554310909496,-1.6859603412406532,-1.178353541832378,-0.7626550953308266
784,-0.5177695122493311,-0.9687001663070791,-0.8100708123977253,-1.013342775122972
773,-0.36245391660120896,-0.5171461382644353,-1.4060842092497912,-1.4002123898262768
684,-0.5519599522779517,-0.9480880387737667,-1.838976967099837,-1.1003330289906972
273,-0.8004301374355188,-0.6360421208628212,-2.401277189229769,-4.617211175603579
799,-0.5534167622492945,-0.7923777851830305,-1.1375128000289028,-0.9030416873087268
812,-0.8629968997268187,-1.0592761552286043,-0.9102543632135524,-0.7597409510742582
447,-0.30634417824097726,-0.6913194499934724,-0.7096428045327792,-0.8372989063299695
188,-0.9005074616316737,-0.8171345615138057,-1.4655870426706943,-1.2405757162842586
355,-0.18093299805147692,-1.0352242667062588,-0.7082986610225112,-0.5590971702885658
178,-0.2502040119688794,-0.740555217877133,-0.9162943677999243,-1.722793243406872
536,-0.3714951752339835,-1.0209702738660604,-1.176793891094581,-1.2011028311252783
399,-0.3401498978638166,-0.6433564581282382,-0.7521362609065975,-0.5575862549097806
50,-0.993396521643052,-0.8459009814585832,-1.2503134186059146,-0.5890249306460928
49,-0.1855337587905073,-1.4520283035610797,-0.7813477541329563,-1.5333021665138777
1012,-0.5376335130969734,-1.546353590579719,-0.8074504463999452,-1.3655180896004813
104,-0.41451820862819333,-0.9008145340876216,-1.2474889193090393,-0.687419895426997
42,-1.6725438869684395,-2.544200500965355,-1.1308012188448286,-1.64633221575987
351,-0.22568248599444019,-0.5783611405368896,-0.7154770205642462,-0.6689681296009521
647,-0.5954052979619717,-0.8587274081599106,-0.8626718524253982,-0.6031997073226458
1040,-0.40463228810978724,-0.9410429989825005,-0.9154079700874633,-0.8158742454223851
175,-0.22029699607023906,-0.7062385587513254,-0.7157368064263472,-1.01983839444308
25,-0.2582443821818062,-0.5590723968698482,-0.9221199589961628,-1.3435892714545712
614,-1.2939543702775074,-1.2743263176596202,-1.0180292657037602,-2.9834350081037924
521,-0.21219367880177784,-1.8088116668536682,-0.8072035737721597,-0.5792271211904612
15,-12.124490992491276,-0.979050894025548,-1.2254902326249084,-1.204193222408003
6,-0.4718150325913447,-0.5024890860384622,-1.529135968158133,-1.349323098412589
374,-0.2721766171257716,-1.0296516278561259,-0.8885694556805505,-0.64133531845748
289,-0.3621770073816708,-0.6199318353210468,-0.8359479980723674,-0.5827435880037541
454,-0.17364273694865986,-0.8451176318146316,-0.9608493034918127,-0.5905032402434738
840,-1.2528759362595459,-1.0283690296611632,-1.4648471614335428,-1.0925456222743388
976,-1.5565419658891044,-1.1651829598127217,-1.7597102778791087,-1.216837135628879
244,-0.4419137429690213,-0.8057924068896514,-2.2040962910970125,-0.6315951344113834
1066,-0.201817644040145,-0.7811438394957133,-1.1792822796210023,-0.5951283141413446
774,-0.6308308926915591,-1.0304351648497372,-0.9174105192920043,-0.5941376759673721
105,-0.46594320925450644,-1.901056856404233,-0.7471322532367004,-0.8660293909972845
565,-0.28012567546100925,-1.0225153385601886,-0.8801052490136976,-0.916555485971092
1058,-0.30958009952756677,-1.7368071389823398,-0.7338279457591929,-0.5733441530408315
243,-0.17581741407287552,-0.6045614065650368,-1.6047000704675063,-0.7732183145811063
735,-1.3975442579106314,-1.2373723211571588,-0.5792483158614371,-0.7437204715338107
865,-0.2662598096206614,-0.8620916991382097,-0.8872546610334264,-2.293005831598799
892,-0.17950879428246636,-0.7672449022682067,-0.7252066076894718,-0.6068183035427303
473,-0.16868201561895907,-0.82365954426411,-0.7427221747913242,-0.5932991900049485
391,-0.34245886354890803,-1.1838626640148864,-0.8721390417335303,-0.5566826526257787
724,-1.618155961526642,-1.3836106149013172,-0.8943230407194454,-0.8732427406459977
510,-0.40154962430821006,-0.7440432710234385,-0.8958657264698918,-1.0824098083293863
287,-0.257923523783818,-1.1171835194509674,-0.7519427706671725,-1.4098594281747951
181,-0.2354568084193622,-6.312637801613048,-0.6934070607452463,-1.721994732377176
444,-0.2441195644033887,-0.5885788768562151,-0.7597881168591355,-1.4907566349514858
247,-0.6770569808525672,-0.6079454642355765,-2.223720125331289,-1.5501046811049712
827,-0.20661126764828766,-0.9428855001929413,-0.7328778001106774,-0.9882650025762552
284,-0.1870730677707847,-1.159084314215072,-1.3029239183220027,-2.85015440119213
305,-0.1868348952303675,-0.7310819319309682,-1.0920675852794823,-0.8895416615536363
466,-0.282219904756168,-0.5916204693652362,-2.569497203907628,-0.8047768918474165
711,-1.2027249384250858,-1.0928844010334258,-0.7552244540800016,-0.745015822301057
834,-0.2128659345339894,-4.833858223009059,-0.8059509684976547,-1.346321284186147
591,-1.0592791099457377,-1.2928016276792298,-0.890464108288691,-0.7763686613625282
353,-0.23910599501513966,-0.7818555646010084,-0.9966304945452874,-0.647525957278854
147,-0.4128951478649318,-0.6114747040193177,-1.0054457186133339,-1.6970680217696026
180,-0.43940043278819857,-3.4755963614788494,-0.9408023681700421,-0.906786117610061
544,-0.2697863486349373,-0.6044851319564998,-0.7212242820209233,-0.5792181941321296
158,-0.24212997918745346,-0.7200273665277384,-2.47124095339946,-1.0222965574791603
440,-0.2690869115293791,-0.8024941813904408,-0.8728699052371767,-0.5691317432011039
1017,-0.4647532715141049,-1.5646597285532295,-1.0110255086324942,-0.8832496269600258
535,-1.8544142700069546,-1.072444150612605,-0.7373964282550126,-1.7505609012036705
499,-0.2309744952135189,-0.5756643331179448,-1.813076797363943,-1.2333078714024606
607,-1.5085656690380531,-1.3330979884487637,-0.7232559313319956,-0.5978645026206056
677,-0.4678167368081926,-0.9221774362918295,-0.8627202617639181,-2.286231706961735
103,-0.6038344133829799,-1.049436088584773,-1.1514839556522882,-1.2250336996263371
320,-1.1229000643633507,-0.8983490699970589,-1.304609945922174,-0.5777114342361913
48,-0.48373835786215535,-0.9216028369788566,-0.7638825465054421,-0.7259351753623684
693,-2.7719083353460254,-1.1554096881117366,-0.9479548168705316,-0.6047350215859488
89,-0.2960597050599822,-0.8938116302482605,-0.7444661568477733,-0.7359553241807412
263,-0.2810522405647526,-0.5827565455697556,-1.2497983646521562,-0.5651007162365906
712,-1.6804378331526235,-1.4102038289986614,-0.848079680333951,-0.6042936759192882
796,-0.637648460283486,-1.0176666217465205,-1.4430986170403457,-2.6730180613001866
330,-0.282047283991382,-0.7423824463518031,-0.8247988012750546,-0.6097242820939051
106,-0.2675041582686433,-0.8905530069717253,-1.8762506778958374,-0.711589072705417
755,-1.6821211794470894,-1.4843742088680796,-0.9295041376116648,-2.6844821209229
1042,-0.7194074674793047,-0.7486481464217025,-1.228438706619682,-0.685771680870867
786,-1.3556841527517614,-1.250254281765258,-0.854171670217046,-0.6589355237187016
524,-0.3198767302612271,-1.328107177207452,-0.7942880956908518,-0.8608072967379334
1018,-1.9612885441478878,-1.4150446226288502,-4.138927630961119,-0.6856407819265654
922,-0.5510715027422107,-0.7295079513086886,-0.9046598340141195,-1.0899849734177234
265,-0.28846628078615927,-0.5971359017909802,-1.0759537301232522,-0.6834131524120921
232,-0.5625251024541345,-0.6756881360483382,-0.8205280853865522,-0.8472208475167784
605,-1.660239053234467,-1.3719784416362095,-0.5780666433772844,-0.6197759066751793
932,-0.3019890679434336,-0.6367292997695478,-0.7940222793018844,-1.5711691234396377
226,-2.562331937751678,-0.9446194779442793,-0.6982509470819986,-0.8172824235487386
382,-0.8007755559753188,-1.0294318444767807,-0.7317461060611228,-0.6359259849557777
364,-0.498963253634036,-1.625242195790693,-0.6971935836942152,-0.5619978925008154
953,-0.21714288900140377,-0.8406581210678731,-2.770988733944451,-0.5981793721440056
914,-3.047728186802487,-0.6459426091929615,-1.2494666421408458,-0.5738469338552732
533,-0.33166018935075725,-0.7450568717923922,-1.8502571239720291,-1.3274094955764146
636,-1.8042429082433178,-1.5714512482039196,-0.821418522953784,-2.019837529938216
4,-0.606020161504698,-3.714967797713814,-1.2461221554738702,-0.7335297419892718
954,-0.18588503358483038,-0.6154780680414186,-1.0314855298446735,-1.7467360688964908
972,-0.3489948594826295,-1.0593448658650435,-1.054057300745398,-0.8494382437869515
426,-0.45452348187299857,-0.7763365202627409,-2.122702912507325,-1.5350084385534692
833,-0.8079784798979996,-0.7213579135330916,-0.7752329971480064,-0.6309699828303909
961,-2.3626466928609844,-1.0255429049962854,-0.7062803201224747,-1.0743679120018266
83,-1.071374106251087,-1.229625412090267,-2.0611531042325524,-1.0515648507572495
222,-0.36314131275732925,-1.3147527842003992,-0.7442820779006049,-0.5911444418146203
55,-1.8386703973795275,-1.3387251181282709,-0.7195035902644588,-0.635268153467951
1062,-0.44848993435449075,-1.0734045234084064,-0.903073727422501,-1.271558171956859
793,-0.8607989409027289,-1.0011378369074715,-1.108007438573061,-0.7768665091389773
707,-1.2134720052658456,-1.1771400596838575,-0.6563985555040969,-0.7551783914831711
771,-0.871548720745854,-0.5782547464853146,-1.2720352422187797,-3.5056346429349166
172,-2.795237108060886,-0.8407151765098259,-0.7102001845230586,-0.6055757503563877
994,-0.8976996309064965,-1.0125668303768707,-1.1991744559856556,-0.6594967184244852
622,-1.2404078284997475,-1.1258972700027603,-0.6830547063305051,-0.6335649508642809
572,-0.7468398352907916,-2.4146571393089244,-0.814933447754982,-0.69563950478519
352,-0.19950721680197644,-0.8934634855102551,-0.6919943548099453,-0.6214858898815014
749,-1.9263675562651341,-2.1384118314966045,-0.8597020484550216,-0.7364975021129806
554,-1.2268200148732147,-1.3874970730769334,-1.5777026159448635,-0.6996333614171831
760,-0.28810569557800425,-1.2918724591715942,-2.0252206102172026,-0.5832356314469618
240,-0.17173089835675134,-0.6376198672538625,-0.8102502129372022,-1.2375152750925837
28,-3.1543016050910646,-1.8938954166521187,-0.8132066479782852,-1.5830117528519685
368,-0.17222740283860186,-1.7159718274609828,-1.094443158602339,-1.83060391381134
130,-1.1116610817936534,-0.7088026543061101,-2.0025308715669423,-4.020573039297434
575,-0.27304153848700513,-1.2649328751871272,-0.784434060035738,-0.9448955094256822
933,-0.17820030082466867,-1.714563898610083,-0.7652101111932041,-0.6505790368860126
108,-0.37849801171006386,-1.5887538421322258,-0.7468644630280983,-0.7334075149104408
207,-0.5321617860180491,-0.8771900705065275,-0.724636848741137,-1.2824022444559793
1048,-0.32124170739667346,-1.3379912000238745,-1.5415756843069761,-0.7469377147277347
576,-1.211558006474536,-1.1880622946242474,-0.717921185932793,-0.6781696786851281
197,-0.19926331540645856,-1.1598303984805698,-1.238435739484302,-1.1477436868132391
627,-1.052782384323372,-1.1320988007640698,-0.739270489540652,-0.7579839070547828
658,-0.7506570612761082,-1.0570291868769406,-0.8542344991771588,-0.7865126207567976
256,-1.596219433563881,-1.304353768695931,-0.816835615975424,-1.2029936786436914
753,-1.979019706473585,-1.591228157024331,-1.0874015150011263,-0.6392661332902196
157,-0.2206936090396338,-0.6146825013909613,-0.7102697611387463,-0.8309531722267226
308,-1.2208691860086445,-0.6434444513991272,-2.736362397752513,-1.2144125730539812
850,-0.999134000823808,-0.772848598597376,-2.275717711060375,-0.6750942620458785
336,-0.5605269131229078,-0.9112659861616756,-0.8778225081557909,-0.7296584291510805
1056,-0.49568481361035316,-0.995776066391785,-1.122597235783653,-0.6466664941948419
971,-1.1539734912560604,-0.6676360763850774,-0.949499457965424,-0.6706210711914556
20,-0.5923208263325647,-0.8362815009045667,-0.8138967813791581,-0.6074600068342021
260,-0.3655167396602927,-0.8796014103407206,-1.306182043534307,-0.558741978627018
873,-0.20416366667587318,-0.81153887106671,-0.8109628829650894,-0.5946496165807896
310,-0.18547993332416063,-0.7889335034182409,-0.7365743743514913,-4.25598451764479
341,-0.4925260395951769,-0.9594099758497551,-1.002455603718861,-0.9277897331904826
830,-1.0646946877788326,-1.2332248109738235,-0.8364569277623755,-0.6385250755181554
107,-0.8526389769483785,-0.8342045493679803,-0.8888077174754427,-0.6238006566427498
123,-0.5616658269571473,-1.0100483441991137,-5.3819429330448605,-0.6546281718921889
463,-0.25308608884402367,-1.1378049480651473,-1.2122587227969215,-0.7059423247596812
254,-1.9896641505100305,-0.7304324998185252,-0.7126086266896808,-0.5822395444434887
901,-0.21805362238493342,-0.8636827724081507,-1.517115810274517,-0.9918777198044056
179,-0.9255161989656585,-0.9085937095714197,-2.265371689737207,-0.5857396140182777
700,-1.3577932677773243,-2.445814556319609,-0.5891158257016875,-0.5863888615159305
261,-1.5192770804545428,-3.4326486064036463,-1.282045906291188,-0.9200781871845939
1065,-0.19632488184764355,-1.0280532148603077,-1.2315291712408303,-0.5799832885318941
342,-0.7009169260904933,-0.9163733614411335,-0.8394883869647315,-1.5238995218842395
36,-2.8215072079094066,-2.0145544734181677,-1.1749233442098597,-1.4271014909009372
620,-1.039074995953438,-1.2074842849407923,-0.8272739970699728,-0.6818680344819487
210,-0.43514128173469596,-0.6892437829719523,-1.4691132026880502,-0.5617503539585595
779,-0.46567725287716566,-0.8765845095841843,-1.2604484408127157,-0.6148252076206617
128,-0.336754982523718,-1.40946047766156,-0.7149693382035983,-0.5928807221060346
737,-1.4234994161541639,-1.462791925975018,-2.5002443354592905,-1.9944010964618417
877,-0.4839345798510272,-0.7078138806597558,-1.730179944164406,-1.6514066506977645
534,-0.2935290681023264,-0.7489069987610935,-2.1416585540250526,-2.0582009335646876
895,-0.17274710216665926,-1.1026713075756953,-0.9786253307821857,-1.0049160420893006
663,-0.7095790099042506,-0.6771550676503539,-0.7017121855963425,-0.5860012977057029
475,-0.20951010734300754,-1.0036980432106528,-0.8206934142161734,-0.6185959236252198
1031,-1.1967110971462376,-1.1378853316929944,-0.792822236331072,-0.6382756303004117
445,-0.4476041401530318,-0.5315801055238388,-1.1069640995810146,-0.6218452180314898
7,-0.7937442379731836,-0.8039917690329775,-0.9682394801969669,-0.5883813433949105
278,-0.4924086389039638,-0.6939310840365867,-1.3829093062692581,-0.6757438155520465
836,-1.2104071556015006,-0.7953649132799746,-0.7104536193642866,-0.5653981402040468
962,-1.1285620408266137,-0.7263082674767327,-0.8409099743431804,-0.6118982197509572
890,-0.538090148889326,-1.1215865349607188,-0.9204511429208891,-0.9638779355156648
969,-0.5739319841751943,-0.6736736438142205,-0.9106475186771725,-0.6770963134798832
450,-1.277375863260933,-0.6816356340962966,-0.9858842038150416,-1.4577842099379876
631,-1.6617808743822342,-1.20068548298811,-0.9926726782987743,-0.8726583087683152
601,-1.4389322389541706,-0.7070514971387671,-0.7335801863568165,-1.9748858940842717
651,-0.8773725190074644,-0.9643316621565935,-1.1901094788617272,-0.5710158711546923
551,-1.2620380627900658,-1.4923376794411136,-0.6093294323402078,-0.7033351371093178
578,-0.5856735281122004,-1.156685967529385,-0.7502061596947022,-0.6232401542819297
306,-1.4641323390944456,-0.5696464564357665,-0.9697079606365616,-0.8492386172452081
420,-0.1928064238501614,-1.304591235333594,-0.9828953011552121,-0.8780012908195644
202,-0.9558076625814651,-1.5773202167913996,-2.1166347165944694,-1.2329575898725573
1,-0.7953121060405344,-1.1679692658843523,-1.2298612338166488,-0.6399408216576595
899,-0.8035107335658835,-1.712618540019604,-1.3131858124277784,-2.7992318187704677
673,-0.5011956818294175,-0.7782432542347835,-1.5154832196140469,-1.423842830346197
1037,-1.0757646194666999,-1.0596575527045193,-2.0210981776797974,-4.070319174502576
697,-0.9761329371210931,-1.5673977280143854,-1.2560875252071237,-1.048008336149348
623,-1.7767537790372858,-1.334716552924156,-1.3809647492572503,-1.903843259660891
913,-0.8112388043157858,-0.643295864658458,-1.0992093546317523,-0.5582892866985808
891,-0.17484863711999848,-1.3013184522154675,-3.066099059782646,-0.9428830044761409
441,-0.3079165611272497,-0.6236909381241169,-0.9235993072719804,-0.6062470249568052
208,-0.22643816389922242,-0.9410306750013534,-0.7783016824234036,-0.5629134829616153
1041,-0.6680391140214167,-1.117541381641628,-0.7484460251358326,-0.6520909260476593
815,-0.9192276669494992,-0.9434829282040847,-2.1666649616196154,-2.2887484327098875
325,-0.42667731222307315,-0.9411857975226643,-1.7414657660146147,-0.9356022202853643
190,-0.7838922430410612,-0.6261693088759824,-1.4076191721705138,-0.5703359171953237
481,-0.4189008784892602,-0.7095344632470761,-1.537590673349976,-2.0265155495615823
427,-0.20826286649529113,-0.6830202821999948,-0.7208934987026048,-0.557238822207022
479,-0.609395271491792,-0.5553789256407856,-0.7063263436756092,-0.8308242826542744
589,-0.9505567004937729,-0.743700529146279,-0.798041485140151,-1.1274179717093664
81,-1.1447027239969036,-1.1853154961247148,-0.9010748653879016,-0.71727614661898
231,-0.2197007153852075,-0.7243642935013199,-1.6511505125588102,-0.598966039233113
683,-0.346102489735051,-0.7051470659185135,-0.7765197674823197,-1.0894562892444697
401,-0.15529747761430665,-0.8017577023651906,-0.8645282338365862,-0.8822035492280855
992,-0.44327095581474546,-0.8621707307308297,-0.7610447702495454,-1.0153270041611677
434,-0.15498394355822936,-0.6721215385914843,-1.5041288517567248,-0.5576542745916703
805,-0.390947931637683,-0.8545059475121732,-0.7995551312697765,-0.9756422473019848
30,-0.3792011739432898,-0.5623428405283285,-0.7181967474373804,-1.008400220015499
641,-1.4659270469201293,-1.1788210451523982,-0.5732622788852347,-0.6509801873770569
223,-0.2135534968468529,-0.5826159351927226,-0.8974174444010805,-0.6462360529452582
897,-0.19518364120629564,-0.6303662366586081,-0.7483519614335119,-2.3051150673916303
943,-0.20030482513595724,-0.835251666004245,-2.7459307650033744,-1.9029398683476626
869,-0.2835612839482933,-1.0464638476887504,-0.7488760120151108,-1.328066447672486
472,-0.3098793478737689,-0.6084609673554233,-0.7384695373910988,-0.6052126734755943
347,-3.530819941027988,-1.8346641199399507,-0.8211963762180428,-0.6503278776760737
1030,-0.29395067663935953,-0.993512635476811,-1.1483084614686851,-0.6313018543435058
725,-1.2169176799717147,-1.8928842630588767,-0.867493347101976,-0.9352098308872361
493,-1.4482031034957956,-1.1206568739715896,-2.0748938558348797,-3.517927219225177
528,-0.31200797554603754,-0.88996189656102,-0.7253679295355061,-0.6108784537550038
140,-0.1718192327890603,-0.7195356055896256,-0.9601671536705706,-0.8306082630025328
675,-0.23074808898950208,-1.3110773526228854,-1.5848777594962364,-0.6850757533026052
373,-0.3744654010451725,-0.8436273236327764,-1.3007079110019553,-0.6646165647675335
612,-1.408299804549251,-1.9231575883480825,-0.5681567522206734,-0.740518254124882
810,-0.5216413044445027,-0.5136256171780933,-1.1375536960391563,-0.6511934334066465
1006,-0.4672607005348315,-1.470146819914214,-0.7985542124550149,-0.8987453010277648
460,-0.44682558536321715,-10.750327848646561,-2.713811702877972,-2.3576611966796124
570,-1.2519499788593556,-1.1945712334783514,-0.6223457150284513,-0.6405506880316498
283,-0.2785115326479106,-0.7369797240442468,-1.2379973657514087,-0.5873011992259598
652,-2.7665621364139334,-2.108705987952901,-2.9126862693801923,-0.8584247581413431
685,-0.32798412300457136,-0.6466302913920033,-1.523467608715743,-0.5935459605604391
950,-10.336143390520919,-25.22197510221599,-0.855161458340187,-0.7851394576496628
406,-0.8499280381925466,-0.6071422411062671,-0.6910879168593979,-2.0137678037336326
26,-0.40248644355014274,-1.154971004254055,-1.0574496667384254,-1.1258628578829928
629,-1.3793277746563906,-2.383284925019313,-0.7570936408763042,-1.7100635144928835
397,-0.8071962225068992,-0.5679279515670979,-0.7684107329874624,-0.5852781069438626
829,-1.0877699674250396,-0.6426562054088225,-1.1633197892884575,-1.0315766956087284
72,-0.37882153589959733,-0.7295548291826993,-1.6486848761724608,-1.5705973678416847
839,-1.5638832278290418,-1.0321720473956764,-1.767683777149882,-0.9914709217893881
944,-0.18100645904343707,-1.7684871274252014,-1.6881301453699362,-0.7263231151430916
132,-0.3712959348476198,-0.7113611946757021,-1.0853261771961578,-4.342162064719585
979,-0.24910437928703147,-1.1166652439599984,-2.8494539573222326,-0.6333842226629824
785,-1.6744140903100526,-5.23192752279263,-0.7353037771819207,-1.672414403275261
904,-0.4880071843891977,-1.1419943213507089,-0.695125008546322,-0.5621173724280111
1077,-0.34269603701781726,-1.0653095132254404,-0.7589152694464643,-1.0671887070707633
65,-0.4601389355943135,-0.9009290316972098,-2.1923454779081477,-1.3497461192257276
418,-0.1936761051781999,-0.6087253866742388,-0.6916501483481734,-0.770602584050519
916,-0.4847471911454974,-0.7231571202471372,-2.33635020666322,-2.062135839777248
1073,-0.4826015516900678,-0.6350470693394893,-0.7225811586488051,-0.7222750519836117
878,-0.20764079193530274,-0.7212407401368214,-0.8733334631210352,-0.594362273375282
560,-1.1921233137331335,-1.108962156005463,-0.7541454302651955,-0.8360926888233241
200,-0.4336440998408195,-1.0559542135759958,-0.8731792899126662,-1.5605682430744732
257,-0.39750208136355053,-0.8521953478067931,-3.3021258201451285,-0.5599550623156514
376,-0.4827256509328883,-0.578970629980976,-0.8064676660841111,-2.2202273773137744
789,-3.3272605716475785,-0.7525891853672673,-0.707147874660165,-1.245795222154261
775,-1.0684722853032136,-0.8614062134854334,-1.239310885047259,-1.003202211661047
250,-0.20465426458451558,-0.7001961568549806,-1.1888899223585419,-0.6850746902076333
665,-0.923526635803285,-0.8318105072545562,-1.1567883746171028,-0.657873866237551
52,-1.7637132277401553,-1.7442394628634226,-1.0686279353638175,-1.0810692715957162
687,-0.3442635805271886,-0.9860342363016551,-0.7299848481098956,-0.5904847901320026
739,-1.6019238198217882,-1.7073096966213097,-0.5750771760638649,-1.133747230711479
162,-0.22931354163621578,-0.7626145561017197,-1.1227844805858114,-1.3853692255669352
1075,-0.26651570577720274,-0.8601057294341542,-0.8237258995351299,-0.6067381038790493
860,-0.6722134767206319,-1.011765902935074,-1.0224002147366609,-0.6828268726814806
1014,-0.20492133611789454,-9.8643999253742,-0.7606714237361798,-0.6524753845648429
500,-0.392023624763488,-0.7143632005846284,-0.9073306452092424,-0.6665382390489257
403,-0.29875667093241964,-0.7644474676053117,-1.1279086888731533,-1.462432066826866
218,-0.9224532206704682,-0.5973333691138194,-2.130095044308401,-1.015401071515227
196,-0.48950273572826775,-0.7852832481321316,-1.0687650715467625,-0.5699337970624804
581,-2.126408231218191,-1.2327844013527118,-0.6817549729466382,-0.7020935935792179
53,-0.20340047160062474,-0.6036903898641636,-1.1943094421810538,-0.5860042088423709
782,-0.4358838191538041,-1.6730276732703615,-1.2194062255267253,-0.7324238273906467
135,-0.4913706013298152,-0.7562091986713475,-0.700997205700229,-1.2107902042447816
841,-0.1889415164484382,-2.4544997246146165,-0.7200870357399964,-0.765023064070971
650,-1.2188403989264853,-2.215493394610376,-0.6956233712592998,-0.9579876934606065
467,-0.192294277418613,-0.7029534500372058,-0.7272580892202777,-0.5675046524015669
146,-0.8447190270847078,-0.7990181798944049,-0.7509854869225231,-0.5981873856126544
547,-0.49788221220930384,-0.8137132187554496,-1.093287038121212,-0.7636586462151163
38,-0.23581280163009657,-0.7248634167520704,-0.8992346482372902,-0.8986287715310318
152,-0.30999006211460534,-0.6172043592099847,-0.7494541959450473,-1.129294846436347
986,-0.323433403253242,-0.5786754785328737,-0.9587966630356803,-1.016819686285417
915,-0.526125529942592,-1.54179715981547,-0.9063292403210608,-0.743675346905023
648,-0.7786632252256409,-1.0298008416442181,-7.4096802374273025,-8.744847624469596
645,-1.2613860894780184,-1.4994798924235926,-0.6564511804460645,-0.669288715462206
903,-0.5157716644355865,-0.696011575846793,-0.8794804695108752,-0.5609242316476797
888,-0.2025212096817487,-0.6549268264710415,-0.6965149022323873,-0.7318693998045095
258,-0.29426227022564855,-0.6265092372299028,-0.6921518544345161,-0.8591249978333863
477,-0.2507648459090525,-0.6529881545722922,-0.7427643809472148,-0.5557167692423985
268,-0.31912849396237697,-0.7154387066465595,-2.0903621837352255,-0.6015732452558086
323,-1.6280969381994517,-0.7181043498974387,-1.504719138300941,-0.9247107276585623
322,-0.46127997234455864,-0.6577848517201021,-0.714232147429235,-0.626960700477788
599,-8.099838422117305,-1.0129224020415832,-0.8322671713620493,-0.8989339391326895
1024,-0.44683055455363746,-1.0948124673879909,-0.7754989637623287,-0.6019050342408915
506,-0.23531570898973075,-0.5488982003769969,-0.9116369225322486,-0.6082128166086722
1022,-0.24500568428906885,-0.8223884556285682,-1.0699509027743517,-0.6733288610411585
14,-0.4487545202765575,-0.8924011149690579,-1.1050704998068157,-0.6827908592666865
792,-1.5302558790398708,-0.6014068306334647,-0.7560816323515934,-1.124015067251488
75,-0.1884865112626338,-2.0438161082851174,-0.7960312686132192,-0.7189033082726947
689,-0.4428020718160901,-0.7236482996812192,-0.7577297952197314,-0.7264674945054409
630,-1.1455727051684843,-1.0741173692171067,-1.1515491988465865,-0.8499438598193824
1059,-1.6640347045830501,-0.9314154531803435,-0.9498497260890741,-2.6340600493800372
606,-0.3073962586947764,-1.2010676438768308,-0.7919748477853251,-0.8822736228254577
997,-0.6775045940110949,-0.860207210652793,-3.139997394254374,-1.8904749750310523
723,-1.1910228169844348,-1.1995344344816972,-1.1274574685488707,-2.2238058167020744
770,-1.3547770421393983,-1.0604798140274287,-0.9583540268770462,-0.6605058359010058
920,-0.8252088756916466,-1.0565104151368494,-1.4877637402923207,-1.5109028909517317
540,-0.21408112940245413,-1.0334430323993231,-0.7001796823628471,-0.5621156969148787
274,-0.2946430557576319,-2.0728043567808125,-0.718411906470983,-0.8345969565560338
702,-1.1834415940793506,-1.179247222656642,-0.7712097784076419,-0.6052142869939753
546,-0.24691275143221048,-0.6888427182453679,-1.5446139554608622,-0.6534362003777171
409,-0.1858233073387795,-0.7865568390197918,-0.8261882344105073,-1.0482051115598658
416,-0.165014153892078,-0.7399138062814213,-0.6945892788150885,-0.9556760906664896
87,-0.5660766213317185,-1.2555263423194882,-0.7748409992641725,-1.5175961402758649
766,-0.39487449652993223,-0.5156568829457356,-0.913442281569784,-1.6044306833763489
694,-0.23271270610115555,-2.1825191804266257,-0.7181456398870284,-0.5916671702114296
383,-0.5889127644237028,-0.7911308185751725,-1.1685941585489819,-0.8375798058312348
204,-0.20997189572736674,-0.6786770118449699,-0.8229012363154539,-0.7268388145807034
398,-1.1049482576350869,-0.9825608226041448,-2.8356681363944123,-2.141824810700315
838,-1.2908671476126574,-0.7910432205802427,-0.8258908240531182,-0.7916934999282442
806,-1.2982433253168881,-0.5058575171474089,-0.7380073881908914,-0.6567316922521719
795,-0.4235783588640101,-1.782458310277428,-2.3934129443346874,-2.6330778394808947
803,-0.35400038020203123,-0.9835013110148414,-2.0404863606916575,-0.651938765940785
934,-0.24209441821191233,-1.5130646489311483,-0.7100624173143022,-0.5582788629999571
1045,-0.24104694778781238,-5.023079030701371,-2.8872055248139388,-0.8301956852269934
592,-1.599899774150712,-1.4685424283925779,-0.5704585090530351,-0.7083088761617733
432,-0.42253522176282315,-0.7179773759802979,-1.0290543001604866,-0.7202848593964628
585,-0.42611684789721654,-0.9673215423388898,-0.7624112354825241,-0.6277191261731724
74,-0.7369668887781649,-0.859921258558238,-1.897362212390154,-0.8963034322535888
557,-0.6212434337049587,-1.4065377457842705,-0.8836174186264611,-0.6879824196927475
701,-0.9629242722055951,-1.0778007252246802,-1.4623913178953682,-0.6436564687361587
371,-0.3157245194266069,-0.5733622817024853,-0.7005379798291,-0.5850974879620258
57,-0.21558530122522662,-1.0611636045889425,-0.7897257162854429,-0.602906459394616
101,-0.2989484263608242,-0.8970787789519599,-0.999403735108305,-0.7837818989740457
291,-0.3027673912663004,-4.13105806451529,-1.2871908241849928,-0.5894140792746935
721,-1.407337961455335,-1.6510805906791417,-0.952349062348285,-1.4026829738183682
927,-0.3895098103530154,-5.117462388251552,-0.8009263703921301,-0.5690416386153364
1035,-0.18620919500988953,-1.1335451393705758,-0.7855522103632879,-0.9972231371664518
337,-0.20982924155893487,-9.096530231614251,-0.7521201188911036,-0.7002229166208732
611,-2.1675174320070347,-1.4084762989583177,-0.5998763555878075,-2.1036824944191133
288,-0.7224179090150213,-0.5950598890010167,-0.8521366131798713,-0.563809012651106
716,-9.451728059342058,-1.3905567149763354,-1.3078861550819203,-0.5851485843557587
1011,-0.37430905218471827,-1.3952037017460692,-1.1219045185538892,-0.6711712056620481
45,-2.662848465774717,-1.6709635826630165,-1.0506342050371202,-0.8104501569607525
43,-0.6299811765515948,-0.5827483311370075,-1.9640769805229432,-0.7795180853595174
488,-0.34158861559807696,-0.7437780069307913,-0.7010032351855254,-0.7495046062309391
642,-1.143710195343364,-1.4609644927097865,-0.8353517088803653,-0.6280955041249305
525,-0.1958806598092713,-1.7523241158329208,-1.1892417940248294,-0.5649965284928755
781,-0.22825146000588423,-1.0736491892866107,-2.2330706569370338,-0.6535039334706199
590,-0.537005085761869,-0.562916665620572,-0.8326221490524964,-0.5993859040385275
516,-0.304928896892298,-0.8434974306728666,-1.295585520139289,-0.5561891084048276
144,-0.24097274619863351,-0.5832217956078642,-1.1191505638896488,-0.6924461700807986
122,-0.6504698671752844,-0.6816755287093077,-0.7868720959591657,-1.5575020115286122
981,-0.1872688737407755,-0.8326214143488899,-0.7417430673752732,-0.9733472299516023
410,-0.19269739058273194,-2.7669406078358545,-0.790177240355831,-1.747267626569291
199,-0.3488079418681202,-1.0343246961757955,-1.6010300026765396,-0.7780136338712643
272,-0.7082480940899457,-1.0354236630784983,-0.9168082784225179,-3.127370836586428
292,-0.19450974356504364,-0.6051687403276258,-1.2998190901262738,-0.6255154236393913
425,-0.24433818325243384,-1.6760280638663565,-0.7465201476445639,-1.2240521286607975
633,-1.4926333711056214,-0.7761671043196198,-0.7074903935342262,-0.6004974399806655
797,-0.1746239470375877,-0.6429441809273131,-2.4193775391315695,-2.1700539333192315
77,-0.39699432649605454,-2.5026829194077993,-8.636450860314643,-2.347797264842111
375,-3.152114913180986,-1.284995970710933,-0.7695665116574564,-1.0466071823118495
153,-1.3054977675227029,-1.0210532472744698,-0.7541083537574221,-0.698728656776796
490,-0.1969350416803627,-0.5883070639314157,-1.7587804348917155,-0.6861813796658213
561,-0.3786364662487952,-0.7163849493684333,-0.7308291290375593,-0.5921165747613131
768,-0.5284971988752817,-1.2060946417890346,-3.309719799441715,-0.6992378653697017
183,-0.2326553793196503,-0.6623947171521989,-0.8122717727328593,-1.5094865262220183
742,-2.541031485140454,-1.910254201823604,-2.786685583315626,-0.7535128323948409
318,-0.48767622000987126,-0.7975824485072326,-0.6934990639487519,-1.8645105170588079
13,-1.1145690744714478,-0.9010163836316071,-0.9777498489004635,-0.6030839328656793
820,-1.0812251346029704,-1.1382730495334183,-2.520911414561491,-1.719383424112859
124,-0.2821230202739623,-0.6758167421055605,-0.7631334076819961,-0.7715385881014466
100,-0.2636227933625685,-1.2380209874146482,-0.8138652395833879,-1.219345218986252
171,-0.17967357066557538,-0.9269910172488538,-2.5490097319943374,-1.025856268157305
365,-0.3594145296885425,-0.5984959993389324,-0.9837977493273765,-1.415988664417251
234,-0.6010904269699431,-0.8307101174716034,-0.7365171705119944,-0.6616073779323964
909,-0.6284246265636935,-0.8794078118079667,-0.6994421864076645,-0.5668561333934221
344,-0.34424851190196143,-0.7266965658665808,-0.7203095202393436,-0.6298230661857285
285,-0.19450950521989166,-0.8793485238411288,-0.6921848912062764,-0.5640337537654505
370,-0.4220710689986786,-0.6310702922790467,-0.8490462893505569,-1.2706250321238746
745,-2.14296871333114,-2.322118599830752,-1.043278382057905,-0.6943459909896913
24,-2.031957032165611,-1.9773420785426448,-0.7514253251236775,-0.5973579192389845
664,-1.3316641577405317,-1.5930020636705604,-1.138155079321394,-1.950338150117528
661,-0.6975914773435465,-1.673571438932802,-1.1862827171714132,-0.9457547846829328
1002,-0.313561718737775,-1.0053458750953272,-1.0812757742780905,-1.2966630284273213
883,-0.4030024805964614,-0.7735241905111123,-3.8121451091305856,-3.229322646989504
1039,-0.5755906807728903,-0.6644299627346792,-0.7584120454892548,-0.6101886940489332
47,-2.050223312136107,-3.2307380667528203,-1.263112916658027,-1.5461243232608912
170,-0.3902204058640744,-0.6825943486332479,-2.7017551400781215,-0.8306078663041376
588,-0.7367593236439411,-0.659240561399519,-0.8400430316823467,-1.809337741185068
911,-14.72887484917862,-2.331337957954468,-4.25051117735422,-2.9301254191565778
319,-0.17629557362020254,-0.6046083800717376,-0.8839330339902259,-0.5574807812815117
139,-0.3505378945942024,-0.7230927185419437,-0.7952066861705277,-0.5710657218028529
644,-1.9613768682895074,-1.5613943711623612,-1.468694266247437,-0.6604501265138957
430,-1.9669406068188595,-0.7860238069049944,-0.6908017613063298,-0.6616735602124978
729,-0.9807317757046697,-8.58294589384101,-0.8734920191888723,-0.6451291223957923
520,-0.42224295439253207,-0.7755304147912381,-0.7334221045669641,-0.5722353568511195
999,-0.33388603539377143,-0.8663557419563899,-0.8213548224595049,-2.5242161328359702
880,-0.22120907701657053,-1.2178625137646417,-0.8165956214108517,-0.9612348035170204
990,-0.2892838786456999,-0.9481394755518833,-1.7778171880421072,-2.7918082238056936
443,-0.667172415534065,-0.806940256392605,-0.7631696124160644,-0.7128129529302681
236,-0.8348267961798379,-0.9311796468936236,-0.9437733580601292,-0.6213881959713234
733,-1.2145260897731427,-1.297641570270949,-0.6479743745168893,-1.4305802756992227
1016,-0.6528120241942894,-0.8563359080046559,-0.816367339880616,-0.9505948642018828
674,-1.8292310522191446,-1.0711398445179559,-2.350660577627409,-0.6166983071496897
41,-0.5506982441940086,-0.6468074527591539,-0.8489520763400641,-0.8679201169251284
996,-0.22070494587575779,-0.9869632468752543,-1.5362372951677183,-2.1521033281778843
868,-0.6408137769237598,-1.081163118352567,-1.8157631725296532,-3.975018344934041
531,-1.5086875835839173,-1.1497042937935078,-1.2957276672690052,-0.6157086649320664
849,-0.656178232417797,-0.8031392449742516,-2.1654970114570022,-1.0460038736408217
532,-0.2013879618145711,-0.6409446088172536,-0.6940771624577998,-0.6041169544113584
187,-0.6702164245067141,-0.7344923784610871,-1.741228104580532,-0.9649327983377524
893,-0.32825784903402694,-0.9981828461714914,-0.7077560250827387,-1.1048291603742744
358,-0.2372194011947419,-0.8604950051047157,-1.6299506229445568,-0.8437416682998459
1050,-0.3361973416976282,-1.2194164026745329,-1.0440841763319537,-0.7492803519297472
168,-0.5340524333239007,-0.7140240955713704,-0.6922916861538086,-1.2333861453023056
584,-0.42924373666184057,-0.5616648554074242,-0.7583006881844395,-0.5933610903444622
491,-0.29008292751222303,-0.5306194835055206,-1.3513806654682747,-0.7465648007953098
230,-2.827473904653417,-0.5967010951767071,-1.180653950128866,-0.6129718511195706
317,-0.21199801311196295,-0.6257293277205976,-0.697494009562291,-1.2842712666114269
69,-0.27019356104426734,-2.9719734864335163,-2.4959060622646367,-0.6062805130773194
483,-0.27367275683226877,-0.6268174446353104,-0.7097637056038342,-0.7134103937283873
400,-0.19515680500669252,-0.6096611278816728,-0.7100589467275857,-0.6339421712648814
671,-0.20435826614589436,-0.7228598011022815,-1.361978494362381,-0.8958600308301969
239,-0.28627182921772576,-0.7014572346482658,-0.6977438776995709,-0.6297953717585302
66,-0.23039943788719897,-0.7812344969732717,-1.0005232272939453,-1.4166847466588124
64,-0.21101021239409695,-0.7288821461548023,-0.7725955317788149,-0.6257528359524814
977,-0.18616540023506103,-1.0992362094520352,-0.909456707125378,-0.9949584389312777
326,-0.5614592540851466,-0.6677783296754171,-1.6784914464366387,-0.7127725020793189
619,-2.4209966545547275,-1.6608944310190983,-1.0984993493161899,-1.7769140189971646
8,-1.7160576388441957,-0.5398806037822457,-2.358461521958077,-1.1798705357220425
918,-0.17682762812411187,-0.6327816582378132,-0.6962401324542993,-1.0827762381307466
715,-6.703809859371947,-1.456986572244379,-1.0811305498865278,-0.7556806166523021
587,-4.131275339871352,-1.6959290295218195,-0.7919748477853251,-0.7649292291946305
84,-0.4339931107264632,-0.9357337409967315,-0.7709520010892668,-0.6075689832706357
1044,-2.9939396312461857,-0.7340226595135353,-0.7849504809611015,-1.1061326665149769
995,-0.324130452441697,-1.101986465286384,-1.191536268570316,-0.8727616563781329
372,-2.0579527026281608,-0.9454587687343298,-0.9395707818083477,-0.6447234495874004
744,-1.8348794790806118,-1.792879648272753,-1.1182502641873566,-0.5932497416970814
720,-1.0716297773548298,-1.1055388298028472,-2.0078179556004145,-2.605313673321961
151,-0.5252632525963512,-1.2262645254700368,-0.6988798840233935,-0.6454633315551219
825,-0.8804588703179612,-0.7772759051539886,-1.2963125396893926,-1.270429192593124
586,-1.144459474937117,-1.3704015276200674,-0.6115878624682508,-1.230112609960419
9,-0.32947492965691383,-1.0152018133458713,-1.284511044091049,-2.1791874515050886
832,-0.925806605533935,-0.5094357969666036,-1.0138255463781012,-0.8579849682936813
442,-0.39647233073609595,-1.4488602701569044,-0.7555367821196324,-1.027303459506422
362,-0.24385446298254349,-0.8158891727843699,-0.9586953799058112,-0.7170468141503328
787,-0.7791467416911528,-1.0181461976861537,-0.777997841886967,-0.7037166816953534
271,-0.74221851058478,-0.63681853240399,-1.131237477830931,-0.6984311484814076
296,-0.4066384105065678,-1.8750101960956926,-0.9290978320106447,-0.773124484138219
1069,-0.19244191621970588,-0.7306147474512195,-0.8258998069070882,-0.5911964517718836
526,-0.2521584472086409,-0.8229595382104996,-0.7316240637553628,-1.3972956112578117
595,-1.0915118237109591,-1.47746964565921,-1.842087675947102,-1.0420816010539715
492,-0.984319984307929,-0.7509239444921673,-0.6962021868300485,-1.0600421824758066
149,-0.4156526243723403,-1.3676550518482857,-0.732415355351881,-1.0701489767990162
632,-1.5441139816333274,-0.7268991281890281,-1.3784160186283159,-1.9480913995643565
422,-0.23255556358201104,-0.5768360648747877,-0.7082893795313133,-2.1666194423848575
433,-0.20855608626317243,-0.6306509428296131,-1.1724385164403315,-0.5779375969071862
73,-0.57451129911614,-0.8355387600340365,-1.780519034128306,-1.7396080264988714
356,-0.33330342450563777,-0.8424300366977824,-0.7221319635661454,-0.6134887350746054
59,-0.24021946546192854,-0.6316928095128993,-4.13887505680813,-2.723151884088277
568,-1.584267599999325,-1.0997528247710795,-0.6902606905660412,-0.6427133524577833
690,-0.23242942316419168,-0.5834899017412811,-1.888955979662081,-0.6014396833153975
882,-0.5259157667069116,-0.6373844642810788,-1.7238725355306321,-1.4414749968579814
496,-0.36983500172813716,-2.839062028664869,-1.3685101882912176,-0.9351369501359765
117,-0.21168173783012556,-0.6355346427357419,-0.7845866044397071,-1.1677377821639083
831,-0.2038537728337573,-0.7947918103775502,-0.7843871125241372,-0.5970971682920888
965,-0.18119327764786283,-0.7250560774995563,-1.8947724612813133,-0.6466009359485679
21,-0.4364702446938746,-0.6856480754857107,-0.8219392777886667,-0.8147008828639796
752,-2.2722947203796826,-1.7090558189160026,-1.1988136432116459,-0.6942279703851844
939,-0.17645658582978266,-0.628224871367925,-0.7142463898466052,-0.7373368178127815
253,-0.23389046949201786,-0.940971869589029,-0.704565479979472,-0.5801957483060842
349,-0.2240946841267406,-0.8383814589792249,-0.8099245539195166,-0.6360662976342184
156,-0.617564003126909,-1.0362175328014622,-1.7367385369288966,-0.7405205745426748
507,-0.5571623838820133,-1.0039469851835339,-0.6974873170437933,-0.765785326929997
886,-0.610650383760419,-0.6320659105659395,-0.971777313006359,-0.7973348083080991
563,-0.6361275480588378,-0.8960209681042304,-1.64173444085406,-1.1543346192932096
174,-0.2910287912744371,-1.4664690189518528,-0.7007470339826314,-0.5919418339858565
740,-1.5146595297763037,-1.7841427282779423,-1.0399088274984032,-0.8200034266923388
987,-0.34198349408875073,-1.06949671732722,-0.7603330497906802,-0.8134879066024208
359,-0.39793160597296073,-0.6231661041175196,-0.7604758566158871,-0.5743153015198262
1038,-0.22165183107753142,-1.4901267947283117,-0.7307076768074292,-0.7979106843636353
703,-1.6004194417118824,-2.0000355654797954,-0.6650722827244184,-1.0396984855407945
998,-0.9025154829572102,-0.8003964894206997,-0.7560614853616391,-0.6007009992479931
511,-0.30785587463019715,-0.6875477802268212,-0.8468928221832984,-1.362800688022724
871,-0.60928501798249,-0.9277727129753253,-0.7263974756282493,-0.7012812703637339
290,-0.2477272496615726,-1.258256506964764,-0.7021591672247625,-1.2081196416723972
17,-0.3038920005499671,-0.7565648146464649,-0.8616659810137535,-0.847336072985928
431,-0.2203160848149327,-9.61948652281805,-1.204702038970834,-0.7006801993935016
1055,-1.634103346868982,-2.227415103460026,-1.6833785113391428,-5.3381541420244725
459,-0.6989684035832034,-1.0270280082684633,-1.0673412694818096,-2.4763403257054653
790,-0.9160625309942215,-1.006211948978169,-0.7080711998594164,-1.7048963570242885
980,-0.8149810784313523,-1.613011601321224,-1.558528179210493,-2.8449762409307446
1061,-0.5100706920972917,-0.8206599149961836,-0.7538025108782819,-0.7489414342030036
946,-0.2576046636472452,-0.878245468175223,-0.7030477262991497,-0.6480306306108213
662,-0.4245747468795944,-0.7811059094392749,-0.7274980678847587,-0.7782480461898761
1049,-0.9511514240631159,-0.7256396736776596,-0.7196199385883423,-0.6973197580760956
1047,-0.94516638915286,-0.9392031919250629,-0.7766880826655348,-0.585797721081965
88,-0.27364102228718096,-0.5790572668647085,-0.8720517572074793,-1.0658943689351472
161,-0.6079327357737109,-1.0290993922232057,-0.7149349981017278,-1.3255410955858706
876,-0.9043834455301568,-0.7490271793219264,-2.339435508188928,-1.2773274145685232
388,-0.8361168664137812,-0.9316494936939858,-2.125545320853319,-0.5643793461493822
309,-0.6524356663471791,-0.8373803390909033,-0.8594105636991969,-1.35364579137399
281,-0.7862290909342572,-0.6848080555217833,-0.7800201099869103,-0.6836099402782185
150,-3.093373760421045,-0.9022048558416567,-1.3815573164610906,-0.961334525705278
808,-0.44217121739766874,-1.0949138273368364,-0.7900263868748992,-1.296722622773301
778,-0.5598241060901799,-1.2403258235206203,-0.7196626539844118,-1.0312053219359176
1070,-0.36466507055122716,-0.8321899987428176,-0.7289089810588886,-0.5846913932251312
583,-1.8374805508081196,-1.4371560458929058,-1.1522961235230147,-0.6226256970774133
747,-2.2491524663021956,-1.580939508294718,-2.306563992411536,-0.7037334564860156
842,-7.203422658162239,-18.232046870687537,-1.126957954137109,-1.3556141423578676
455,-0.1826956170079765,-0.6570983840202677,-1.0062836853992914,-1.0584368376648239
924,-0.39751804796862494,-0.8056214467514587,-1.3177868643277995,-0.7424126528873485
333,-0.22258886868150932,-0.8970385177155884,-0.7506513499438786,-0.6189136744722299
458,-0.8812598847682783,-0.6473018438087683,-1.2336325020305776,-1.3360184058730107
970,-0.634774023773921,-1.0140548159680947,-1.2770312234305246,-0.5650183501886904
780,-0.2361574551932474,-0.8752276412272836,-1.3180606307779716,-0.5721306746045458
695,-0.2020730652546679,-0.7194432969677655,-1.7504836460662818,-0.6597237347195639
762,-1.009373841951381,-0.8486148511436832,-1.1082904452716402,-0.8821258662364941
921,-0.2789298073657815,-1.7079620388874548,-1.1439696977867466,-0.8379008279160574
667,-1.0578922664791275,-1.2913886881238923,-0.814266544826181,-1.203766275457304
227,-1.488830342658779,-0.7074247339505219,-1.954174748830473,-4.252324974299714
847,-1.0024988992306527,-1.096120469302147,-0.6821734067010361,-0.7002866409060254
848,-0.34046111849828176,-1.2374828539970506,-2.342560411894462,-2.1276720236095605
44,-4.054011522982996,-0.6104815062864121,-2.146461674592911,-5.656195610062271
468,-0.22943061863575803,-1.335479382934873,-0.9403480786322291,-0.5927797921339995
217,-0.40328173630852987,-0.6884221642671785,-0.9986786116758224,-0.8288573981733743
610,-14.708618780841151,-7.639241471746826,-1.2039284167819024,-1.2185754895879024
659,-0.5874649074334471,-1.0043724503756206,-1.2168235064658184,-0.7060437283588
767,-0.488988191950152,-0.6950935762040524,-0.7650944418074943,-0.665095357671068
457,-0.22194495877754236,-0.8427633307321447,-0.7106642851818453,-1.1482911538222724
1052,-0.35112367845560954,-1.3485875500359155,-0.7910040747760386,-0.8338508687262539
859,-1.1800580699588699,-1.4342548475020502,-0.806811088825395,-0.8440276966835678
245,-0.204896312612201,-0.828674175267688,-1.2514018574339179,-0.7394374432945229
638,-3.028226527393196,-1.187044270264682,-0.9083623516003969,-1.4920727563530725
709,-1.2990344719570073,-1.1653110530099586,-0.7323817063540567,-0.8758585329248381
297,-0.27040621374785634,-0.704293119419554,-0.6965768681014638,-1.3227439253444833
813,-0.17301732589287153,-1.056052945294818,-4.495789861254436,-1.3796406980225777
577,-1.1394068331147016,-1.1305888041024152,-0.85610820973841,-0.7962364570161399
412,-0.1741550107151271,-1.0754339933942745,-0.6941748179357824,-0.6791484859912242
864,-1.0020745045200918,-0.996312677358804,-0.774948205116616,-1.1280656791144985
852,-1.3590697022070843,-1.351613176151182,-1.5561839880457364,-0.8195894579783571
634,-4.676501244313171,-2.939539015470304,-0.7508755422713319,-0.6273950182564073
367,-0.5910066807304608,-0.7915740525583469,-1.3219353440038533,-1.3592179679452747
541,-0.19383582131653715,-0.6562499243485447,-1.2742482617492985,-1.1809534696035833
480,-0.16863895469482013,-1.2530514045994974,-1.3811348490216282,-0.9462255181430933
195,-0.3012725632631328,-0.9646448491926061,-0.8406860757077749,-0.5999623545257855
503,-0.2805681163858408,-0.8439268137965847,-0.6948188200164261,-1.2386685881406676
121,-0.8633877764262905,-0.6109090813859139,-0.7570799180984334,-1.6799184103636002
112,-1.174652055284569,-0.6018845327230606,-1.2213885814190044,-0.8716248380207224
335,-0.2760838379904993,-0.8131993011464598,-1.0946357438734966,-1.3992496388814528
377,-0.19331830518942814,-0.78148720155164,-1.1918129217995344,-0.7222653933574535
559,-0.666342309946025,-1.0722363614381138,-0.7686444715220108,-1.6347002395698476
862,-0.7409541184530205,-1.3978628523685592,-0.7543874832704458,-0.8386224182197866
917,-0.31476486379754115,-0.6549893912595753,-0.723801175486579,-0.5608180975113671
173,-0.20921924664486036,-0.6002756280345283,-0.7089562215168662,-0.6372079387022374
1013,-1.0767288534467423,-0.740913141012744,-0.7544584573624283,-1.0141072557650233
1071,-0.2136069670218368,-1.2694538193472669,-1.284001363836368,-0.6808420909825923
407,-0.4046410009203949,-0.6551609447405928,-0.8710827984086997,-0.8660550856260404
905,-0.21974674256952537,-0.9059378832527419,-0.7246762229011079,-0.6553373845595278
509,-0.3223334572069915,-0.5501932105868056,-0.7052854198490904,-1.3665226734656213
10,-0.7754995626654658,-0.5481732261391445,-0.8871060647752242,-1.0729614672573324
624,-0.3253293910788529,-1.7593917748001364,-1.0974812792433102,-0.6075088168036374
550,-0.8089262941587849,-1.1082454070722263,-0.9035365126242073,-0.6553580795534893
396,-1.2214521345576355,-3.6068487783543435,-1.548003989328219,-0.5625763705818764
31,-0.3141611728778606,-0.8802759108747139,-0.7431422539715634,-0.5932803241748394
60,-0.35772959783503083,-0.8533502052959842,-1.1682986781126572,-0.6676292064991255
1010,-0.7058365086990763,-1.067515421853181,-1.0952841108756317,-0.6619555165207249
169,-0.21086225512306592,-0.5745136617334928,-0.7503086408872902,-2.0953080139640163
485,-0.30780499282993384,-1.0544740038015121,-0.7387870604703247,-0.9629680170257369
978,-0.1806174052012922,-0.6895960704503191,-1.349290899093822,-0.9956863830750912
194,-0.3790397868046456,-1.122216074186672,-1.3111351005864973,-0.6680194492708884
402,-0.486602335154965,-0.6075031396608996,-0.903491045627403,-0.7123010555534979
417,-0.2265396101004469,-1.004312826002629,-0.72747995798011,-0.6514887897920966
85,-0.45626828794112945,-1.4389652324854378,-0.7527151617018797,-1.1374604993909885
182,-0.2914631173731213,-1.5476421261570827,-0.6992774359195373,-0.5565996685841195
887,-0.26126960276241146,-3.4530331255034787,-0.9465697953206508,-0.561158627950447
67,-0.4265449575527977,-0.9516515562933082,-0.9281254153231578,-0.6380524909397501
456,-1.9263305220576477,-1.0531461403557827,-0.7006464016082996,-0.6745345016339951
345,-0.32038860483595544,-0.7569910966280098,-1.0107735049783522,-0.5947323110270605
567,-0.8419867642778771,-1.3694851215609294,-0.8010649588823162,-0.7308097298827627
348,-0.6894055399515123,-0.9348047950294222,-0.7357158613042684,-0.6053450515120391
233,-0.7080156284225954,-4.447277415845788,-1.0839618499947465,-1.6086899047777945
68,-0.49782911328008844,-1.1068579234517228,-2.3824423802730545,-0.8739827083818176
964,-0.7303062243556077,-0.7535831793373022,-1.0303627357780005,-1.0052625267337751
419,-2.3404108063482583,-1.4363791152577388,-1.1483827753302163,-0.6563870400365793
615,-0.9778625496732533,-1.3737853439923302,-0.7350177168293437,-0.7049679464521345
930,-0.3208386954764023,-0.8313197063616162,-0.7087459092599314,-0.5628486798936425
115,-0.41891811311566984,-1.4761492709486739,-0.7213424499673213,-1.0916515083198601
461,-0.4666193245188393,-1.013587672714916,-0.7343997668916658,-0.5590544902193629
637,-1.287391009849874,-1.1047824254813408,-0.9940654033166143,-0.6603778032705749
1026,-0.7178207949523409,-8.298549523737679,-0.8216864566485497,-1.9119450926035877
952,-0.2707183293675328,-0.970456826102591,-0.7209589919549191,-0.759362977749699
166,-0.18452441374673909,-0.6054154260089352,-0.7829727180074951,-0.5705328098489847
300,-0.3124213360699225,-0.7822059392998202,-0.75248788906147,-1.5826900567804314
764,-1.3342804785464708,-1.4939580184160384,-1.4974260555222414,-0.6436665615237624
327,-0.34503913849580076,-1.4464817396928595,-1.095660882426972,-0.7041781636731986
206,-0.2511064364400055,-1.0684684656905221,-0.7645456234048436,-0.7929621070282413
252,-4.187389156127183,-0.6438971629873205,-0.8280347708754767,-0.5580051860921065
894,-15.34000506062608,-0.6087566948614104,-0.7791040881081152,-0.6404210007042811
314,-7.150826694242303,-0.7032094290934681,-5.073664982991971,-1.8273928297199127
942,-0.5175246982224416,-1.74377266502427,-0.7215091227501245,-0.9958601659572364
39,-1.8265107682017503,-1.6029556264056606,-0.7026450547768639,-1.0879703066236373
471,-0.1883284232563083,-0.7063076795114365,-0.7767758681042329,-0.620409862990986
719,-1.3701625665256385,-1.13958976033827,-0.9795750207781782,-0.6552866032746738
639,-0.9028251467049044,-1.220226590539715,-1.0229211718497777,-1.2955762348697535
867,-0.3358950613337664,-0.9679901615462665,-1.207613599034171,-1.205015457922719
923,-0.21294665236208266,-1.0786280730718478,-1.9354666236626323,-0.5621454068446466
613,-0.9505567004937729,-0.743700529146279,-0.798041485140151,-1.1274179717093664
522,-0.3695788019986398,-0.6138566141757912,-0.7092348475498357,-0.5725012936357127
858,-0.4395935314797473,-0.9168013908908244,-1.468707328361391,-1.4264224296190442
816,-0.4189578022568846,-0.9451004874608913,-3.512246502414002,-3.933774857251577
1004,-0.40614948501437464,-0.9525614277795982,-0.7511593917141831,-1.0916606996300837
249,-0.5578035354888771,-0.7338779628267809,-4.440549122893597,-1.0050643497209095
732,-3.4046124123703643,-1.290924676523697,-0.8031768174080058,-0.7795247483119747
643,-1.2918245657745115,-1.1114267900385097,-1.1271426104231348,-0.7893225397758803
99,-0.5704495814251271,-1.3516358010016456,-0.8798277892422831,-0.6207753696705647
311,-0.20050974214695294,-0.5788716923046119,-6.7378358752206235,-0.6142425515068547
224,-0.24564457465295828,-0.6247452168373054,-0.8331158917192174,-1.2443273826644603
316,-0.4464962821183098,-0.9399345923349314,-1.48900120750552,-0.8551775338892903
1057,-0.17208465255718128,-0.7263064509543898,-0.7473496782014312,-0.5798720713407732
866,-0.8183956385634346,-1.017132382630633,-1.0732864826994766,-0.603019545980265
821,-0.2491835454122382,-0.876534502535433,-0.7742045868314407,-1.3008662321782565
497,-0.2615837421447966,-1.0248724314227724,-1.071809598262049,-0.5850180561529421
730,-1.2258986214753804,-1.9990176725379893,-0.6391134659661407,-1.4756443331359976
313,-0.543113363754048,-1.411534121359766,-1.2127870184520526,-0.7238116430651914
958,-1.5726794377257023,-0.761697534103585,-1.0095620946684105,-1.2972056048531542
286,-0.22764019492615037,-0.6864707721525015,-2.488026561706439,-0.8233220408135242
408,-0.1659242553284043,-1.336673624662454,-0.7074900264018089,-0.818335585075177
931,-0.7241497882971053,-0.6973068137783113,-1.0080835626533386,-2.1836151242949313
159,-0.45689940162123877,-0.6173043320876235,-0.6922650590592863,-0.590508323836634
845,-0.8695385720150403,-1.2043881885301735,-1.494690574486381,-0.849602791527754
846,-0.9743138925032645,-1.604755125008623,-2.8904623273423433,-2.5687367711088713
748,-1.5279443557467585,-2.9148795011719484,-2.1558407758338576,-3.040940065460461
389,-0.5709722908128255,-0.6719346177515393,-1.3032132150501858,-0.9289356570263735
741,-1.5956864853408996,-1.8811780660367576,-0.7525795736027843,-0.6035183543902467
705,-1.6432435539012629,-3.2606232220638,-0.7475966282981218,-0.6554566895429575
