observations,response_var_0,response_var_1
0,-4.889104538504435,-3.9284072773949013
2,-0.9233227681470438,0.3642141016229239
3,2.462525694532495,-1.0526381518764818
5,0.9417167684521063,2.747437658394641
6,-0.9647713435962946,1.8659520924805655
9,-1.1137862216712802,-2.4226592756728245
10,0.36223495859895355,0.46908963312239405
12,2.6159210083458664,-2.5272464113124893
13,3.3299873439182583,5.853557330754527
15,-1.1770735758072948,-1.6826413368601898
16,4.850830834579521,7.00732144731935
17,-0.4068279196779119,3.7170689160895676
18,-2.5226506519032714,1.6351964095761489
19,0.8356577581736283,0.48040830198518897
20,0.319557056880785,-2.448982065995755
21,1.4043591756039813,-2.865096341484008
22,0.6732154893081272,-0.30568299867713
23,-0.9461247586452711,-0.3106554288384228
24,0.9879841476514386,-0.6396236516108653
25,6.197150624583467,6.586330552678264
26,-0.6934087782781309,0.5006637091028833
27,1.1041661151306124,0.178020758395234
28,0.8821706389061603,0.05061486286686934
29,-1.046481083332786,-3.238436221973337
30,4.4600646914177,-0.8011495274992946
31,-1.3020727079056296,1.4731491912762786
32,3.692201115813897,-3.8277920172120035
33,1.7097409705951239,1.3837265524911613
34,-2.585813218400262,-1.6602262043073441
35,0.45972098849796766,-0.6316543498937391
36,-2.3040498092437094,-1.6848397559039827
37,0.02494934311580182,-4.596168419500957
39,7.480238010260529,-1.7839406244567626
40,0.7431325885683819,-2.729447171176311
42,-3.484773213316911,1.926079713265856
44,0.6646335045038262,0.2923149874815585
46,-2.603925224759544,-3.959632074645848
47,1.8002149788413584,-0.3999176535146069
49,-1.7825235759554157,0.0894492732506177
53,-2.106033803603749,-0.05998964081581844
54,1.5961778973678806,-5.000437735695342
55,-1.7722209066644345,-1.3211492514612049
56,0.680332669743721,-0.647458123532339
57,2.671353036848985,-2.194634902552604
59,4.234995873948037,-0.508487390444794
60,3.3776191370640816,-1.320792252411613
61,-2.4582184328767163,-2.3865334485471954
62,0.3752150344852884,2.5455333368173445
63,-1.3710593489221952,0.06948566838965119
64,-1.5324265820240053,-3.5778109104805345
65,1.4115872761189108,0.27883479551471796
66,2.052070971587002,-1.0685205053868767
67,-0.9658416706503927,-1.2023983491613979
68,-3.3299596225460473,12.238728475078364
69,0.29159996768752383,0.28574991292676705
70,0.5108702379016877,-3.067844357451245
71,0.3797023813276029,-0.9886213110352687
72,-1.1853944545330375,-0.511980833798472
73,-1.8133636449996526,2.0795345487624965
74,-0.33383165664020364,-1.6480151913010348
75,3.449458151045274,-0.4712896738038679
76,-1.2242460977576624,-2.6037531266050764
77,-0.24632814468798933,2.6853814296821175
78,-2.0964078919470555,0.2340233573739831
79,4.744861655898475,-0.18136504394254305
81,-3.176272892987529,0.4596870563235042
82,1.8206744212144743,-2.709861193091743
83,-3.6068358232274984,3.690009163656124
84,4.6923067348939185,1.2176938850460524
85,-2.9208984641452895,0.6473035930496449
86,3.354749858296015,-0.3250956355706023
88,-0.9763687328865017,3.4022422581794505
90,1.2165747436593919,-2.156231471231728
92,5.072925197153335,-0.21233217434947357
94,4.594982570785009,-2.7586329739623388
95,1.2010241749211668,0.7956608145514757
96,2.206455332836124,-6.65632561991054
97,-1.3492657526586338,-1.287171059844487
98,-4.40183810639049,5.076673606994056
99,-2.6857605953608292,-2.285283110208596
100,-3.005574050258721,-1.9117919196315607
101,0.04747474113822019,-0.088968585405316
102,-1.4471979795730838,-0.15966260929381432
103,2.07704315097836,-2.9097323065958585
104,-3.92285908384908,-3.2550538279490775
105,0.5928358289464606,-3.4561692862423015
106,-4.724251569297572,6.757527875618052
107,0.3857371881998456,2.665739343869468
108,-2.381430495072469,1.120807538195213
109,-2.8522664340331176,-2.954994546302764
111,-3.723446419378703,-1.6835332486813448
112,5.059539358491005,-2.494549871081907
113,5.64578390086185,-1.3801878138380543
114,0.4210327159094262,-0.9551718146612543
115,3.327977085262071,-4.544307355466525
116,3.403359206566727,-4.586153783125106
117,2.888231293457535,0.6958304307651968
118,-0.5365864370978197,-4.145478987234788
119,-1.1328282124852196,6.943779654424607
120,-1.1372500009361368,-0.9507094356049776
121,-1.5957556150641201,-2.6977971604088555
123,0.4562992391000158,4.450387708554576
124,2.222600259892578,1.294341695000511
125,0.597991064635341,-0.6436050771523356
126,-1.503761237010143,-1.0190856840528297
127,3.3974895572729373,0.2395201704435804
128,4.104244717221481,7.946424605247484
129,0.31225589930243014,2.197494631634956
130,1.6099051059742602,1.1563748088252161
132,-2.533197068454985,8.320362507923296
134,0.9947414288826275,-1.0825540122141517
135,-4.5589833832532864,0.9441297095563125
136,3.8174723212880273,4.870752049508732
137,-5.323306941191894,4.652819833367617
138,0.5579270694078323,1.1308482532628605
139,0.49889920347187217,1.3104553594842279
140,1.3684117395882884,4.495567608335848
141,-1.248426928082487,-3.3675306191391337
142,2.7636604305465338,2.493690931458254
143,2.4812515241520843,-1.373146771701137
145,0.6649274998647157,2.36734087908305
146,1.0423445481085702,-1.079968243178853
148,-2.0186156648948996,2.074223405201719
150,5.690775852309808,2.7857807622863944
151,-3.5542866306432743,1.7572313138812723
152,-0.3839244340968714,0.32539556428049904
153,-2.4777430753327283,-0.7851972523636739
154,0.8324391945229613,3.439379186120611
155,-0.5004035940213797,-2.7473378185286417
156,-5.9257070083063645,-2.8387944173152335
157,3.194447686418351,2.344583559797112
158,-3.00136087905361,-0.9173371638027732
159,-2.0995071976563517,2.055329233562879
160,-0.8276153273438037,-0.4235428394567076
162,4.6933950731010095,8.297878301668362
163,1.1386176317131775,-3.218706739630962
164,0.4226550704096399,2.3423789095741077
165,2.7111319239631437,-0.5755501593705865
166,-0.17628623853609132,0.655050375239019
167,0.13249623375549446,-0.36565922076009416
168,6.911826153585951,-1.9820294009081962
169,-1.6072361534949695,-0.024212374665726757
171,3.701980950733851,1.175552713358615
172,0.3238560610574315,-2.0995700070567693
173,3.6505411790695987,-3.4917429822180432
174,3.4206247981395945,-3.6870639238661997
175,2.842262834254789,-2.848416031942094
179,1.6582648463157352,0.5007175019496978
180,1.1838400688935748,-0.9338755025186872
181,-3.9659413445915384,3.0811631524256917
182,-0.1318265150263082,-1.4882559396789312
183,-4.198824371572812,-1.3067608718908332
184,2.354219131019331,2.7638342556593267
185,1.5655880383273975,-3.404774532347561
186,1.0217352293496975,0.0638509489957607
187,-2.8993488992506196,5.199488344633531
188,0.5300733170732627,0.5767734453094049
189,-7.918216674586871,2.5645766503486547
190,1.9468252851035643,-3.9907188191909415
191,-3.539145733016084,-2.4497760035619423
193,3.2890399700108293,2.2449598881814152
194,1.8271408686202488,2.8580033076864426
195,1.2387749599048719,-0.385725838728008
196,-0.23094395455701405,0.7552628781697811
199,0.9101797262188634,5.6449392586629585
201,-0.38904412700555446,-0.8083919020463703
202,-2.9624807294427904,-1.768613838996646
203,1.6892478841892837,11.72399607109369
204,-0.19688529020198203,0.020150678489868568
205,3.94876809306102,0.9753838301149782
206,1.4103487526725766,6.12837261865326
207,-1.599382832358677,-6.461071428199784
208,1.4760900638924974,-4.189845248143939
209,1.663729064991836,1.0205344069876385
210,1.4150212853177606,-5.552809573812181
211,1.4753531565221314,-0.8675938716779115
212,-2.0428117988511074,0.10032504717256084
213,1.542866989816015,-2.397110908469798
216,-0.026566854772238108,2.522252832223849
217,-0.227073947707921,-2.0562457025193694
220,1.0315723311640077,-0.8210750525811661
221,1.5667382637600253,-0.05990212208553272
223,0.2717837731832873,-0.015112385969878179
224,-0.6735611175541694,4.733901768619038
225,4.157930142174388,-4.64779211046069
226,1.3733562649100133,0.1708070617792935
227,0.48232075193491936,-1.7635727148110671
228,-3.2158289459009364,-2.5726780399637468
229,0.8064274820549663,0.392964259266372
230,-0.4775004944873836,-2.086676070328146
231,0.9246621820336646,4.6957847525718615
232,0.27474200893528955,-3.6939313191567877
233,-3.14943597720594,0.2007610612137855
234,1.8923152353822807,-2.6019428433150638
235,-3.1042389275935234,-4.710464889518568
236,-0.991096276147836,0.47039420785011876
239,-1.8842326588855116,2.1227097562253405
240,-2.074843034496027,-4.632692520190807
241,-2.2963914635601173,-1.2521504277611617
242,3.5814194694840618,-0.5380304794311177
243,0.7197140887494528,-0.590472522552156
244,1.5033749465577313,2.3685480988402006
245,2.5537999507568183,1.033623078645222
246,-3.5717710824544984,2.8584031766795257
248,-1.7186980252340194,-0.05591425162586879
249,3.636554242614844,-0.571306336869944
250,1.9677441622929042,-4.403049640085292
251,1.0003264685397029,1.2883567305918118
252,-0.6683057474924082,10.922198635219921
253,0.2811828157725341,0.5152086366217559
254,-3.6526937396301564,0.41112780885167677
255,3.349981629479051,-2.491249704219701
256,1.3252390311618574,0.09469191767443653
257,3.846776377524491,-3.364927103427736
258,2.1384135540247464,-6.13832549126339
259,0.853888701586245,-2.738428076775156
260,-2.644803797399751,0.46757921104366995
262,-3.0664333717811036,1.849237736252567
263,-1.261220269714275,-0.7840934232791974
264,-4.128308687770658,-1.265711099947116
265,-1.4863085361858495,0.011282919574617778
268,-1.6913620704153352,0.42208021779969623
269,1.1600171564911408,-0.5362327376110143
270,2.0802902260790987,2.0216986003857556
271,-2.055191283060544,-2.5058810028174974
272,3.6433116030623713,2.253812085097533
273,-2.7180689775484206,-2.170174483010958
274,0.5236743792100025,-0.8775715243587213
275,0.10614457112300035,1.3202468635197058
276,2.4925637123471587,4.867115006966305
277,0.32599427870799175,-1.024537046323736
278,1.4774928757367343,-1.2824149757998817
280,0.13074481369681598,2.2775335149884914
281,0.9308087323460967,-3.051066705309822
283,-0.6748551733835527,-0.6558127853482759
284,-2.4444670853987738,-0.24284642920152907
285,2.3962148763635396,3.124297349733509
286,3.473213223850015,-2.4840734907674116
288,-2.337343423655386,-0.39696209125111676
289,2.0218770814009224,-2.0635999884574816
290,-1.7200878115548257,-2.5635959888398676
291,-3.3851886534418467,7.290524520003017
292,3.1464906246734126,1.2826909537395836
293,-2.19752703026829,-0.28099073107548406
294,0.8686111623857031,-1.824125046112495
296,2.4761567702160003,4.588923763623758
297,-2.9857641062568905,-3.162809023031128
298,0.9208622852960928,6.007741614650259
299,0.8089503963142766,-0.8144424300010715
302,-3.724031912333866,-2.2513990278476017
304,3.2333945570594795,0.3554851041599694
305,-0.6771944910758548,-0.5687243528224544
306,-2.459083599235319,-2.4657777896117126
307,0.005430405151892023,4.186755784210117
308,0.9224502879145425,2.1398954166246633
309,2.3469077478263176,3.842517642676225
310,-1.421000522305361,3.4074890359102508
311,-1.3104484097700282,-1.571015799003615
312,-4.53269839527194,-3.6736388391360437
314,-1.2328400245733488,-2.074232082607301
315,0.16308439752199894,8.69078223936807
316,4.049437538012922,-4.185737338830638
317,-2.023146321746365,3.614033636475237
318,1.026010506168752,-1.302971918641977
319,-0.9988543819191026,8.392525439324555
320,-2.7202965915126973,-2.7016407092924144
321,-5.518066300969831,2.9178034017789103
323,-1.4051692088240268,1.1284565476523707
324,2.8256545530515083,-2.262216581633295
325,-2.7890568826045734,2.8196062424736934
326,-2.546851689108261,2.9524789452133096
327,-0.5126574031525163,7.509210439346592
329,3.871347358344241,2.05895843148984
330,-1.2181968016644107,3.359665909969646
331,0.5559426138498847,-1.792029500960098
332,-5.026028594740751,2.727662964459929
334,5.8050954887657396,-1.6865971175208705
335,1.543555287341257,10.0273907048275
337,2.4156097040500377,-2.972552194586369
339,-2.3407552342180553,0.3964558613266672
340,-0.1608212706943143,0.8363125325901871
341,-0.5677844994959929,0.11528684859241943
342,-1.147489927535351,-2.6987878645496006
343,-2.2100874465871727,-0.9681179882964681
344,0.2971986072562142,5.629145778286433
345,-3.673166427307825,-0.9039486371666832
348,0.32217922467602944,-0.6874262834123475
350,-1.0238705133286623,3.4613935113571
351,-0.6241018034346779,-1.1067832667168194
352,1.0390997451111779,-1.6632892439264944
354,3.126634777846038,-1.8579764052465497
355,-0.6312935128194194,0.049891655009023546
356,4.955166363711895,7.061548944263422
357,3.185067732771793,1.6841831900799396
358,0.36791891270592403,-1.1193643422111845
359,-3.1232907862174906,-5.298800124830413
360,-0.24822559455631185,2.9158042610666484
361,1.1851096396534353,2.1525077214488997
363,4.06871482508496,-4.880655847052011
364,0.20409714955347028,-3.8992495289117435
365,3.2170286156809507,-2.30066225948239
366,-1.385670944321251,-0.604662822502533
367,5.576335243516459,0.8283837076061779
368,1.3244492178632064,0.48180061051430717
370,0.30332155110817227,2.605795136815625
371,0.2647076366061974,-0.6751931536772068
372,1.6476138431125709,-1.103230833193829
374,-2.0703759391254386,-0.641508791055231
375,5.533274725477881,-4.517257000892551
376,-0.6403021857681437,-1.4324918012820964
378,1.0777930129479916,0.7517081637099002
379,0.769254387947196,-1.7430284070789686
382,2.2220442354925205,-3.057323245076868
384,2.415072061451706,-1.16271665274638
385,-1.2630050058794486,-3.569049036958575
386,-0.49430011788777267,1.1401050046006935
387,0.5630655825307336,-2.011034475630409
391,2.357958426200466,-3.1317180113417824
392,0.9091286561643623,-2.6658049559171086
393,-0.61588705375218,1.142286287111816
394,-0.24138455703237938,-3.1303309617566075
395,-0.004247065098039411,-5.3836965357471875
396,0.33239477849580173,-5.191034516243593
397,1.6744797069052562,-2.7870031836055014
398,1.5480999948321872,-3.4987342216931503
399,-2.370001220760613,-5.627583666303605
400,2.7309639409103013,-4.728242263313376
401,-1.0397473163573039,6.042849261734145
402,0.8568932842404284,-3.579307014788015
404,2.26443555909104,-1.883279623293971
405,3.081420294052321,-5.914771228174271
406,4.191690108212501,-1.1366435208232035
407,0.760021013379545,-4.618427413219171
409,-1.4630494493010835,-4.2766741810563875
410,-1.0226531743203047,1.3934017752890973
412,-0.9900712302444432,1.1333002386454842
413,-0.1592813504539827,-0.9670422354163758
414,-1.1999146059677368,4.351924995968455
415,-0.523832875735294,-0.6045595372493747
416,-0.7801675518004201,-1.6334867353713407
417,-2.7223172167252114,-0.736083099494516
418,-1.1619001963544404,-2.212076869095405
419,2.0699930616294235,-4.180248785368841
420,-0.8663623683148788,-0.451698950884197
421,-2.688809563930446,-4.1177312330097395
423,-5.395757930463727,-1.214216137681501
424,4.791564147290801,4.344075558047732
425,2.228943466658214,-3.568581880038354
426,2.062073739523218,0.6619901780014749
427,0.004560881324852621,1.4757362653829753
428,1.1491077295401018,-1.581938697082063
429,0.5216916693027497,-0.5558813205457925
430,0.2202345584069659,1.5992649405072468
432,-2.137008776254184,-2.947820780860509
433,-0.0999007842246654,-2.710295158328159
434,2.674641383827394,-2.7012799514038344
435,-1.6550892426228458,-0.9852847313012988
436,3.265190709969323,-0.1378013770611909
437,5.395831908021227,0.6353421936864965
438,0.9839440765493731,0.3278959149027844
439,4.711564099368031,-1.8520331501379153
441,-0.33545799884484034,-0.9374928692190466
442,2.0047279304956254,-2.343122751516372
443,0.13479201819105854,-6.120927775999801
444,-0.523222889694832,-1.3570555792243288
445,1.4940342998619678,0.6171673990104387
446,-1.4613390712567054,-0.051058732997654656
448,2.080770110314066,1.697247750096422
449,0.7378452972330688,-2.321036521837572
450,0.13814918318701747,-1.758217383345036
451,2.541545322477352,3.4968892180737217
452,0.28966504164536755,-1.7272101202933154
453,4.084407838014053,-1.4541785484678142
454,-2.061382308734639,-0.3272245965887257
456,-0.28206327411199694,12.361714999478952
457,2.8667433459512806,-4.862524495323278
459,1.6316415418421695,3.031190634736298
460,-3.059650274445098,-4.210777540978218
461,1.6648248885223753,-1.7521758962746035
462,-0.45131744723783546,-1.5404978329324024
463,1.134913393378037,6.415301874183479
466,-1.3770259278086223,-0.903775403405107
467,0.9994201066542512,4.807193471894382
468,1.4264682933706476,-2.5451404881140984
469,-0.8416138144085569,-1.4028691031110183
472,1.468474297016401,-2.528698701851027
473,-7.157979775448397,2.4009434521684203
474,0.1474406705875212,-1.4977590414478934
475,-0.16851078567725525,-1.5929812338946772
477,-3.597500696282832,-2.4940126360026795
478,-3.347624631734374,-2.656328854204136
479,-1.553676355645437,7.705550321110306
480,4.909340098279293,-3.502385446087428
481,-1.5548314680477155,0.7383154282325928
482,-0.5527930985384453,-3.0007863156779235
483,1.8549018577796066,-1.3892408478548723
484,2.43473571511358,1.3943676012512463
485,-0.5075430482456541,2.408224153552251
486,-0.6285427775533078,1.0941794524471304
487,-0.7478976710791052,1.1841933240208489
488,-1.8212227380948236,-0.44449672124046097
492,-3.061729909828173,5.786388069720578
493,0.5092433704419492,-3.360125348237268
495,3.7422055644532937,-1.5066633560400056
496,-1.6187708299875099,-0.8122647512875771
497,-2.288176110676771,-3.044703721934324
498,-0.9417823319765105,-0.0007012067822717136
499,-6.626296808531494,4.011567523136938
501,0.8955545567132555,-4.5617574602641255
502,0.29106102523124844,-2.494028396541397
504,-0.14193048990513502,-1.7957251668709295
505,2.6384908382016365,1.4455712692920775
506,0.2696968746463396,3.625206847078405
507,3.9949603672389813,-0.5217054182181295
509,-4.134478677058315,-2.681599022641874
510,-0.3516886044599876,-1.113871839462645
511,3.8567147296517352,1.76210851825835
512,-2.7805902559457865,-2.070172834283055
513,2.5256675011667755,-2.211469165243461
514,-1.9342431003135487,-6.13449112802332
515,2.2927517742776855,-3.3045857194826778
517,3.765306978413977,0.5489092586712763
518,3.2919204997027083,-0.7281769638460918
519,-4.361897376988615,-1.4115701965943872
520,-1.1159456349339891,-0.43555074969672186
521,0.8646239883783859,7.714109880845113
522,0.4924501436973175,0.8016805979130236
523,-2.3681469948151013,-1.9177973657103262
524,2.6625919878221103,-2.3488666498738433
525,-1.7785293259278505,4.840229411500845
527,-1.7453333747165423,-2.523946098860131
529,-2.4660316826575723,-4.051842224440306
530,-0.7336886339422175,-4.372957519051019
531,-1.7280768386339864,-1.142046836648429
532,1.375219802090154,-1.6389775713613493
533,-0.32834607093086887,-1.2809400920989382
535,-4.64706771418612,-1.2829967978537555
536,-3.472348386007898,0.4967237311811083
537,0.2997792284702514,-1.3536814616680275
538,2.310077581067118,-1.397686559425583
539,-1.9450690349173514,-0.18025327057865928
542,-0.5889178227432922,5.983281842281193
543,-5.688102736398053,5.004117699015277
545,-0.2633637196284529,-3.091737939750555
546,-2.5817106922133783,-1.5721076633376112
547,-6.1024665430630005,-1.572099218100589
548,-1.7513271528163705,-0.8884694962349599
549,2.5510781757473358,-2.716599245676543
550,-1.6078921825321126,-3.2883362222141503
551,-4.930224852784369,-0.6897990629139172
552,-1.160173478016958,-2.537457505499692
553,0.6181687970738472,1.5965804828543706
554,5.857352230555322,-0.8962737902113854
557,3.8619889869622837,-0.7375999599921823
558,0.3687387311949229,1.6785828567237195
559,1.044460672491708,-3.0691206151193904
560,-2.1533973124324803,-2.00000735107266
561,-2.7152219545914464,0.10192967445999568
562,-0.1951716842298178,0.6045024256472123
565,-1.0196986701642736,9.620729578487467
567,0.5024562921233878,-0.2641869679000971
571,-2.0919244448604686,0.22033597393194101
572,-2.4722863814742633,0.0453863785937943
573,-2.58176261039075,-2.2789031299592883
574,3.6676243323902775,-2.5137771643437077
575,1.2177860275831072,-0.37149139581630214
576,-2.2534244837692983,2.4237055217801102
578,4.036542115152759,0.6596252328685738
579,-0.013356574856499978,2.0843077149718288
582,-1.288553411517978,1.093183713812622
583,-2.733111256398299,-4.553831458617863
584,-0.3527359000436452,-0.5159941610478757
585,0.23283649215993496,2.2772814825342644
586,2.5617868363919483,8.480547855338546
588,0.30151388332154305,-0.47174512641443567
589,-3.879943491844407,1.4803298389623316
591,-2.1346030651108636,-1.5365219876907994
592,-2.1005961316384707,2.4859160969456306
593,-0.850579237522947,-3.1898219672281165
594,-0.4528696000327117,-5.570771431106419
596,-1.0059412664974994,-1.259370836380809
597,-3.061326737086313,0.23747768872562275
599,-0.13367714271763614,-2.0573525574635085
600,3.1577140123789533,4.292413898670687
601,-1.574184338640263,-3.7104658097716854
603,-0.6623490342394872,0.06113477438365097
604,-1.567901421239885,-3.2294945842251823
606,0.30820825017812487,-2.82647882232382
607,1.8411887984104354,-1.5042921104024476
609,1.847575016378306,-1.3237494884226189
610,1.868192664364102,-2.330417406785697
611,0.49630477869374057,2.5567250284041143
612,1.6610563979093316,3.501985336623928
613,-4.792116889705438,-2.97830285838568
614,1.7352203627659546,-3.256828588420454
615,-3.6083589518856063,14.190119274417745
616,-0.2091815500490377,-0.574246000566089
617,-2.885150494673673,2.2047847931078404
618,0.33220743785188317,-1.5133261068079997
620,-3.782187677630247,1.224337474883245
623,-0.4774232907968872,0.0808929707405924
624,2.9610052371622655,-0.3531752422772923
625,1.1771401799588608,4.417767890779522
627,3.518955348425907,-2.0685227952495153
628,-3.334911018800338,-3.092820653134728
629,1.0070635146571933,4.202320566529388
630,-2.697642555402798,1.3431270116149994
631,-1.9801288642549548,0.2762335123931121
632,-1.4871014287758233,-3.0962957816330308
633,3.3940215140426675,6.81337490875557
634,2.6173619229491583,-2.410840824756391
635,-0.08772282927334601,1.3246144471285504
637,0.7920293622251727,-2.257197863108295
641,0.9648302469593286,-1.804583974983316
642,-1.4244525455689758,-1.0129099718269392
643,2.001118743679642,9.55508565941076
645,-0.26341308282597053,-0.6939387604074051
646,-3.3753972051135155,1.685910803474264
647,-2.342702072715702,-0.36432112584217907
649,-0.8488123567041219,-1.0861567697147834
650,-1.7710660622916055,0.6095132332066308
651,-3.0358610659501215,0.7302921018318478
652,1.0017686668285093,0.6717916366169949
653,2.3203924178898796,-1.435866162563008
654,-5.315688149460113,2.5063600216767505
655,-1.3383546510079205,-7.145805917137048
657,-2.5615001584377373,9.082559096329478
658,-4.163548584081033,8.13912407427209
659,-1.0048188889393204,2.039529834221142
661,0.9128588482496545,0.6277660939793771
662,-4.2210767417921975,6.564065095260903
663,-2.817421601049809,0.9530446617683048
664,0.061467771280470374,-0.21426378701616686
667,0.20031559508327232,1.014887178330149
669,6.3038683268644,-3.826696451704571
670,1.2115631680456356,-2.071213753513626
671,-1.4947643971325775,1.3630010205632093
672,-1.258300204428055,-1.9834070656591931
673,-4.438395172896253,-4.1922581393606055
674,-5.142200192550396,-3.058222533311629
675,2.494721994140797,-0.501101407814156
677,4.127396976225983,4.304456738809542
678,-1.8889661166940928,-4.897642296168556
679,-0.8109764329078737,-2.9586682275662626
680,3.40309011876649,5.392483783501673
681,-2.607701570447032,0.802788875870504
682,-2.9055235294527755,0.678035971696952
683,1.0023572784980102,2.6162046501443497
684,2.4214569055886064,-1.6297536200816212
685,-2.692424218038613,-0.7473700138130658
686,-2.3262648145972347,4.770002451887989
687,2.0556943672853785,-0.17507876185151697
688,1.7020644380873475,1.36522528837524
690,0.5963787385133171,0.47832980849537593
692,0.6279970338205066,0.500396906166683
694,-2.2673606355128695,2.1399158087649264
695,0.3319723908386905,0.11831474755719353
696,-2.4650489480163427,0.7581399952258933
697,2.194291941218898,-0.2964029247988675
699,6.143561681892945,3.48740377461364
700,-2.4399369497359746,-3.0053416232757426
701,-0.3185806937912399,2.437414561063302
702,-4.5317747945278075,-2.1819747181887257
703,-0.7384582212729991,1.0146774005317358
704,1.968787841931067,-1.0139139545433609
705,-5.099222868369964,-2.609023445373096
706,0.4058915086863748,0.8947814534667001
707,-0.46924491601828605,-2.355374478314331
708,-3.435702483380066,2.735491344505169
709,-0.5706803200643504,-1.871636478801595
710,0.4318248301852544,1.3364643660230384
711,-2.9451089758325653,-1.046418875742312
712,1.4132216553699648,-3.2657666981099687
713,1.4112222975491904,-0.012574452516978306
715,-1.5906727736325712,-3.764767078658633
716,0.9807722546821734,-4.731611933265969
717,0.6171999501631616,-4.341679146222073
718,1.7727384353784668,-1.9286694890901246
720,-1.8246069790455557,-2.369113574667907
721,-1.1024137597445633,-2.8877945515456003
722,2.562928782379706,3.6022131538056756
723,-0.545693895765918,-0.18775641532150608
724,-0.572952286269785,4.058614290979164
725,-2.3690589446647823,1.9393836377821758
726,-0.7281391355095456,-4.4548197316731235
727,-1.7899687468989944,3.6554833404956435
728,0.4901706099383129,-4.334441642188982
730,-3.7340983181092753,0.5629644731110949
731,-1.4531381734784756,2.4074098195992204
732,3.476926232785849,-1.5622441634394828
733,3.7923821053448656,4.086047332638943
734,3.352783257847828,-1.5447193491347175
735,-3.3519181139031584,9.158859429653107
736,-1.9024281786252488,-1.2049666409316206
737,-4.868594376903318,-2.0487241583304567
738,0.20898605067087306,0.730915193575727
739,1.5738523641484077,4.538132904759511
740,-1.8140342432912573,-3.734184471353783
741,-2.628973146075859,0.31485421202913894
743,-4.684180611976346,4.14567656105893
746,0.6675021325393834,6.232636604129764
747,-0.6916118842254048,0.03658891203321031
748,-2.63014754049993,1.2155929179434775
749,-2.1423441277506567,5.820419001556285
750,2.7558332870093767,-0.7100473426004082
751,-0.7336038442160401,2.777847727747634
752,-4.953949483283834,11.306108037222941
753,2.774917550629252,-2.855326489288485
754,-0.10828080655505724,-3.2810154683344193
757,1.278558023423419,-2.7472776755898534
758,-0.7325354190060237,0.3685321544884083
759,-2.9188644896286657,7.843254374873999
760,-0.832671926599607,-2.500209637770554
761,-2.6500584242938547,-2.1748945511103814
762,-1.7810132611202656,-1.1547627720876104
763,-0.3745902480404209,-2.403355852109097
764,-5.490486034186549,-0.457349818321961
765,1.888506981698148,-2.7185307095965716
766,-1.0972590056659266,4.133351228308511
767,-6.998531983263413,8.473621793733813
768,2.7693366948612987,-4.012339189214662
769,-0.18144399951135645,0.045633470907866354
770,-2.5248636331775707,-0.6089457299470992
771,-0.7722868261386422,1.8673749826174237
772,1.965516389287859,2.151472562385718
773,3.3196297051471326,-3.278490864411963
775,-2.8772984155531027,-0.39862597952655365
776,3.1569293726825816,-0.09838207151836276
777,4.5916115964741975,-1.0221040216366968
778,-1.7460143483011703,-1.330555387854075
779,1.8741264042419024,2.1486166485711102
780,-4.647512745608128,-1.347672466522198
782,3.6161409343273196,-0.44580454624856725
783,-4.687120569492788,-2.6572190791120085
785,0.17192941250407584,2.172187954731073
786,-0.8851390913170543,-4.086793229768064
789,-0.780155188126111,5.993798256470083
791,-0.6078729356434542,-0.8268054212970045
792,3.1809423634786635,0.4459040779902281
793,-0.39973794722688283,1.1576949036385586
794,4.57953399438713,1.8587327187316767
795,-0.2697853257116631,-0.2697713657583437
796,2.7419807501782985,-2.3844381045926024
800,-2.769348122125691,-2.3312004983082835
802,0.9876494134710326,-1.5683830841522233
803,0.45914044804822113,8.129779392354415
805,-1.33221901766384,3.069376757800167
806,1.9549159205247653,-1.7996943833801804
807,-1.2474232172643058,-3.862420373924482
808,3.795226800653708,-1.861680354317574
809,1.0923265891425604,-4.03110347682929
810,4.250198286051856,8.072210753271603
812,-0.9697020096157111,2.591525848546715
813,2.5162927810799904,1.7676890685941884
817,-0.11818998893004169,-1.8305365163675478
818,0.3187670834068483,0.31450950887396323
819,-0.697472595989217,-1.81919124295892
820,4.268915721637658,-3.8264371386184948
821,-3.1845336454445703,0.536057831247029
822,5.011770350295603,-1.8377251811448503
824,0.01068329701312979,15.517949512158308
825,-1.4392013424685506,12.63976795652792
827,1.3782799202923854,3.1960267589999853
828,3.4815395347504317,-1.4748593563673764
829,-2.4707182422111846,-2.8472507297436933
830,-1.8658048902953355,-2.0402256914055608
832,-0.029179383197054227,1.6621960499314017
834,2.948637749549933,2.4368778194716327
835,3.3737804181208126,-0.7286402399442864
836,0.5927462913259688,1.411118023641333
837,2.392182368333807,1.364024681100697
838,1.171081022548514,4.081984396857674
839,-0.33008885374489466,7.1221367574641965
840,-2.318641317206255,-3.373027447060692
841,-2.695650052315858,-1.4068548969124282
842,-2.1817719600547525,-0.1300532334739167
843,1.9515681526299014,-1.3431240045913473
844,-7.619903802213601,3.0923918688233534
845,-1.1420953068335733,-0.23542020714131318
847,-0.6815911929410118,-1.0644356700929456
848,4.415427395921445,-0.2983361309682091
850,1.1607447309813457,-3.275873542140481
851,1.2122985993591824,-5.825843787148855
853,-3.652596082072903,0.5418139148863549
854,-2.7970501215540136,4.065420019620836
855,-0.8092063536312273,-2.8156878794594817
858,1.611429595825962,-0.8518515984665103
859,1.2444664397134586,-3.3028522638769817
860,1.7309296359962032,2.1337077078997577
861,0.7951558159817123,4.306838781265301
